batter_id,mean_elo,ci_lower,ci_upper,sd_elo,relative_strength,ranking_confidence,priority_level
2725,1063.8532437036586,991.4695926848963,1136.6620094490058,38.663792507112625,1.6514997511408656,0.13647786254675706,Top Priority
3329,1059.8542838210374,978.0326864072487,1134.8340368847885,39.882493277316144,1.5007658474321246,0.14794614021111666,Top Priority
2441,1058.60981647146,983.7800454285307,1129.5129045160313,38.6702734512153,1.515629739350032,0.13766437531559542,Top Priority
2334,1053.4627922410327,970.8166224614853,1131.7088578909272,39.48545792736553,1.3539868864982862,0.15272702236324426,Top Priority
3727,1052.3872101158217,973.5362688383207,1135.1344342246603,40.4933536178122,1.2937236715503277,0.1535539047158837,Top Priority
1903,1052.329436238787,971.0120038003115,1127.2878717291596,40.9759984973691,1.2770753162280297,0.14850470066427673,Top Priority
3305,1049.9588612812245,973.3098642186213,1120.4623736088092,38.093816144269766,1.3114690608055422,0.14015073810665624,Top Priority
4113,1044.6489358366064,965.9297380368816,1114.2523818055988,38.43659231320839,1.161625762054436,0.14198324305948112,Top Priority
2336,1041.868114758959,961.8304999244771,1116.9240835975133,39.10454034154934,1.0706714461612894,0.14886105206215844,Top Priority
1614,1041.7548132744387,961.7383151185377,1119.7619254325155,40.49524078891105,1.0311042102970416,0.1516898297952459,Top Priority
1594,1041.4872245146792,962.824345233164,1118.7131002681824,39.9945049581991,1.0373231162140948,0.14967898920475073,Top Priority
2956,1040.8670379966763,959.6864162293206,1120.3401914856338,40.66728098715789,1.0049119834095015,0.15434610703545618,Top Priority
758,1040.6522067582491,961.4891881696608,1114.2221213849548,39.899111018807304,1.0188750004752445,0.1467665491154577,Top Priority
1953,1040.271893569034,961.2351029258652,1119.077740360038,39.56507319951765,1.017864755764563,0.15173209851189548,Top Priority
2019,1039.6276599138268,963.2106436987792,1110.0630338430228,38.55631313373412,1.027786546301165,0.14125479323666318,Top Priority
3351,1036.5222663253564,956.6144878799084,1118.9029873024786,40.214775608683865,0.9081802838027008,0.1565702008485643,Top Priority
3734,1036.273770822347,957.8302055916595,1109.057144604527,38.51605206368034,0.9417832015174831,0.14593338485529703,Top Priority
2984,1036.160393798268,957.1977121150454,1112.6618315390917,39.89307369197268,0.9064328829980368,0.15003866230995308,Top Priority
1619,1035.7682871790935,956.1578580483788,1111.106754677326,39.26277960514732,0.9109973246622681,0.14959803128453503,Top Priority
3121,1034.776471944114,958.516422510234,1115.1137557996992,40.018552856487126,0.869008733744771,0.1513344548656521,Top Priority
3916,1034.649306072682,954.3243591393162,1108.1568544466454,39.100312588928865,0.8861644262785999,0.14868080846760143,Top Priority
1289,1034.605085357676,960.6439937433985,1108.5212064551367,38.01779446401584,0.9102339008758119,0.1429310708062248,Top Priority
2274,1034.5967434491076,956.1236370844069,1109.4414820033605,40.415284515057536,0.8560311739539509,0.14819092162210676,Top Priority
617,1034.4131439094126,959.5896507436364,1112.6090019125486,38.829891881539154,0.8862539204177802,0.1479286608739309,Top Priority
812,1034.3936636534922,958.9478889319439,1107.452244644114,38.898329451943184,0.8841938494038357,0.14356657521242996,Top Priority
2171,1033.8221556842752,952.7893747761241,1111.3942403118992,40.09973329963413,0.8434508886018905,0.1534160055128596,Top Priority
3802,1033.1452062610354,953.092943191835,1110.524282348672,40.655225880340225,0.8152754176939276,0.15238065104767098,Top Priority
3984,1033.0121833672517,955.9995935490693,1110.0478644635295,39.755746217394645,0.8303751409100115,0.14912531855366673,Top Priority
3182,1032.6824687286373,956.1977704987515,1111.7182984812694,40.23620333247712,0.8122652243945019,0.15059859413899343,Top Priority
1900,1032.6435606627886,947.9944047007313,1109.4704091269548,40.829418491921636,0.7995107907120278,0.15637148245284396,Top Priority
1839,1032.28264668968,952.4329120835991,1110.9695449679743,40.75525038760381,0.7921101301710834,0.15357870578641408,Top Priority
1719,1031.982424852329,954.2405204525949,1107.9984878299897,40.256644826143464,0.7944632492462185,0.14899281584121626,Top Priority
885,1031.5877860371045,951.4270413524386,1112.0209283788533,39.5273444882861,0.7991375703588056,0.1556764137770031,Top Priority
1447,1031.5838710395553,943.5211675901631,1107.7462137504524,41.15107895870566,0.7675101562039032,0.15919698899013918,Top Priority
2600,1031.5560170251367,953.9918736058506,1111.9365185285549,41.456035050055526,0.761192356843457,0.15311300822828267,Top Priority
1298,1031.4326077169637,953.7312259988817,1109.2458236314628,40.90287596984593,0.7684693795159101,0.1507753356535884,Top Priority
3381,1031.410192955969,952.1989384230261,1105.475250118105,41.138922296326314,0.7635152114515634,0.14860849033864665,Top Priority
859,1031.321310628999,945.1752673027007,1108.917461275188,41.28597229631974,0.7586429212372231,0.15876933045494968,Top Priority
3898,1030.1260072481484,949.3185119140095,1108.9993620725506,40.86390234707584,0.7372278592552038,0.15501098801020313,Top Priority
2098,1029.9404558982892,951.3765324620566,1104.7514574485283,39.450180386129254,0.7589434472856381,0.1489163029844301,Top Priority
364,1029.734672221113,946.7441186732417,1104.2680126247444,40.50249367788468,0.734144234614098,0.15297522575570605,Top Priority
1485,1029.495101168659,953.8450458492591,1107.3417816647761,39.70741533775148,0.7428109061688721,0.14909904441630764,Top Priority
3211,1029.2699717241162,947.8678535186941,1102.5695283174691,39.786499769902676,0.7356759678130339,0.15030232985388306,Top Priority
3005,1028.8460809506066,949.216310664902,1103.9387285581695,40.21375297189756,0.7173187981426411,0.15038441683163242,Top Priority
2339,1028.840725844328,951.7330294582435,1104.6081662048498,40.08791364351888,0.7194369380455602,0.14858970189107532,Top Priority
1841,1028.740321886472,942.7834432511764,1108.3960739284882,40.92668677231728,0.7022391537912583,0.16098584565404855,Top Priority
2655,1028.7266258536288,946.3696236260249,1110.3022963515727,40.74118475571992,0.7051004045628707,0.15935494290285124,Top Priority
420,1028.011345027728,946.0925857250254,1107.3342106289363,42.154740049319706,0.6644886196654451,0.1568480986944378,Top Priority
2088,1027.8905241447783,946.9736213184074,1104.3944130822222,41.18044556307519,0.6772759197580555,0.15314937541115234,Top Priority
3362,1027.6823672419896,942.7390781953987,1105.2594355729377,40.24669948046367,0.6878170781538749,0.1581425959595842,Top Priority
537,1027.2718400037156,948.6494831307091,1103.448766796151,40.312685347448685,0.6765076493581098,0.15068969832258028,Top Priority
3170,1027.0129832936636,941.509407664856,1108.2218435871546,42.34173737605362,0.6379753162642031,0.16232748624817425,Top Priority
2586,1026.9730723860064,949.1922202774512,1105.4038037897392,39.073598648309236,0.6903145171957059,0.15210874336690797,Top Priority
956,1026.716505656722,944.6743120475338,1102.6396012323637,40.41760882033072,0.6610115352317194,0.15385482585944213,Top Priority
1494,1026.6514428913283,947.7468536217673,1103.7027037268385,39.841110871196655,0.668943267608437,0.15190730133866795,Top Priority
3608,1026.4227716007138,949.33449283135,1098.4705905503774,39.570781958320914,0.6677343811033181,0.14529694960532555,Top Priority
1361,1025.8712648554836,945.0887911826318,1109.5883141261006,41.532874718105205,0.6229105264463102,0.16035103875011275,Top Priority
3912,1025.7350663817906,946.129941046923,1107.0285676316773,41.38477209269058,0.6218486916915015,0.15686177830725148,Top Priority
3193,1025.675053273502,943.8762309932946,1107.3793147977772,41.75407051704533,0.6149113836223628,0.15941021796586832,Top Priority
3578,1025.1272051451158,941.3042444015454,1104.226018128467,41.343566110449245,0.6077657906429388,0.15892834851052337,Top Priority
1745,1025.092798188902,941.8095497036129,1108.293361047061,41.93541750701747,0.5983676729748291,0.16240852695247276,Top Priority
131,1024.9459041354935,945.3915125373843,1101.7420977296297,41.004431135821356,0.6083709356401928,0.15254520708009628,Top Priority
1010,1024.6765667894313,940.8040157803069,1105.9081390719507,41.4872932593921,0.5947981864024079,0.16112803653640329,Top Priority
176,1023.9475018996716,943.1099811182083,1104.7776027465186,41.37509574750183,0.578790247297917,0.1578866312270673,Top Priority
1293,1023.8644007314509,946.4602081816918,1101.3000853857898,40.19858444547105,0.5936627137660216,0.1512308437459883,Top Priority
2844,1023.7475460343843,941.5385106345011,1102.1480452619035,40.52362452661201,0.5860173247531005,0.15688392636401788,Top Priority
2817,1023.7336847536574,944.0351267639978,1097.091498951882,40.53820080056303,0.5854646798564315,0.1495079965300881,Top Priority
3774,1023.4003783856595,941.1740743602478,1098.9484867264864,40.94516952971607,0.5715052264877438,0.1541668497476192,Top Priority
3528,1023.39888442844,944.5484481886115,1100.6565592275315,39.66309018982573,0.5899410337533981,0.15253887161124385,Top Priority
2421,1023.3373469912653,939.911769441573,1104.1212942519685,41.03323685287276,0.5687425312056874,0.1604647043256959,Top Priority
175,1023.325054292969,941.6809123160364,1103.0809224205811,41.18192798396573,0.5663905366948973,0.15772115558732072,Top Priority
3871,1023.3235642535261,947.240898758682,1103.3074322533114,39.90947517560788,0.5844117005021694,0.15250946909296842,Top Priority
1519,1023.2544354688758,949.7202598366059,1098.0466636756123,39.322727221611515,0.591373923223091,0.14495554448394865,Top Priority
2516,1023.1483868810484,949.1838253318126,1101.1183496851702,40.38913735124893,0.5731339760920294,0.14849705702660854,Top Priority
1977,1023.1294189245041,943.1360034311612,1104.3114247139176,40.50894004794523,0.5709707263909832,0.1575318022349326,Top Priority
2340,1022.7612050866242,944.1077786246914,1097.411458103147,38.866194930430765,0.5856298803463005,0.1498919578842173,Top Priority
1836,1022.686386401512,944.674422834905,1099.1374755272368,39.492800279553045,0.5744436008823006,0.15103657851145852,Top Priority
2505,1022.5672636516093,947.5822528046674,1098.9895814314661,38.98468461500112,0.5788751114566039,0.14806588672330462,Top Priority
2719,1022.5670550473823,947.180165685643,1096.674135722942,39.003958039995,0.5785837176894154,0.14619478429252936,Top Priority
2633,1022.3448910755417,940.0521976549625,1100.1919669740573,40.33003653545602,0.5540508513027814,0.15663967289025366,Top Priority
407,1022.0461412595029,947.1666726310312,1099.7595378928734,40.01209996691235,0.5509868584186713,0.14930134668264258,Top Priority
1200,1021.9673564172987,941.3122905235833,1100.3158933917412,40.24340971303937,0.5458622063572555,0.1555857942719181,Top Priority
814,1021.6226195144429,941.6936547503661,1099.9432078550221,40.53586204560815,0.5334195061675179,0.1549002049111529,Top Priority
296,1021.2510828432947,942.3922462403668,1097.0836949824718,39.65437345005121,0.5359076690509983,0.15147249421897702,Top Priority
2005,1020.8645072257341,937.3479604003154,1098.460253664425,40.826936156542956,0.5110475874489623,0.15781946783706166,Top Priority
3102,1020.7452036870086,947.077370672371,1094.0403306069713,38.77021974890874,0.535080889955299,0.14397614547073947,Top Priority
3856,1020.7193958899285,944.0140220842113,1096.0231226079613,39.921551188859645,0.5190027760171392,0.14892349565986132,Top Priority
2381,1020.5954169005702,941.7479095261815,1096.734127106473,40.23316004940751,0.5119015477600664,0.15185862587053992,Top Priority
2867,1020.4620584839369,947.7178849118611,1097.1446186987291,38.81071187368154,0.5272270848969576,0.14643046504724128,Top Priority
3873,1020.2281814642693,940.7310074803456,1104.4041803849739,41.2826449725166,0.48999238003611234,0.16042800608557828,Top Priority
1611,1020.1538580002153,944.575826954035,1104.4580933726934,41.02055005785743,0.49131125671862835,0.1567236796340426,Top Priority
772,1019.81849998989,938.8789515750291,1104.9517292481119,42.200194942702446,0.46963053172618535,0.16284542560733026,Top Priority
12,1019.601019533558,942.148129107969,1095.5398064938147,39.27582469587702,0.49906067371808976,0.15044284425688254,Top Priority
3503,1019.5840170564721,934.3934555300904,1095.1126548292725,40.70051719343578,0.48117366576439147,0.15763212899627116,Top Priority
1381,1019.5476562144619,938.1448443435957,1105.8615064537364,41.23354096120712,0.47407173283644227,0.16450105209683455,Top Priority
2562,1019.1467449989427,940.6387913119914,1095.1475681830998,40.89870537179895,0.46815039314533063,0.15160601515856154,Top Priority
1847,1018.9715883302248,941.4811573333304,1097.2124740500267,40.15889603943673,0.47241309401519305,0.15283185370446992,Top Priority
1869,1018.9573831408148,939.8822793468605,1094.0324219378379,38.971113313457685,0.48644705087930834,0.15128222744294553,Top Priority
3606,1018.8054870723303,940.0657327563865,1100.222962592402,41.27063070956228,0.45566270127228975,0.1572009886757167,Top Priority
2302,1018.7976816404206,938.1855528133418,1096.8621761018424,40.826838389793906,0.46042462217989744,0.15574890495726965,Top Priority
3139,1018.7187099833011,939.2099109032205,1097.2235123561538,40.22853372149383,0.46530927805851935,0.15511013973182403,Top Priority
880,1018.5686252205963,942.4566324530093,1096.6657083164587,40.207608218021015,0.4618186965986677,0.15139782636643806,Top Priority
1819,1018.5431399163565,938.7250192351321,1097.225907223981,40.73019002246018,0.45526769961375335,0.1556152918587868,Top Priority
2458,1018.4608755883232,943.0782603578915,1097.0955988328044,39.136062085732874,0.47171009561161703,0.15122558182310475,Top Priority
3190,1018.3372699300381,943.2758508762411,1096.8776836543195,40.02278373270042,0.45817077723796,0.1508359139095746,Top Priority
593,1018.3132909823534,943.0685197102049,1093.5898444195066,39.158080746216555,0.4676759083531635,0.14781435737138984,Top Priority
4034,1018.2433396364303,937.4157479683181,1093.3281470046254,39.804262732999995,0.45832627924309005,0.15311899716621444,Top Priority
3020,1018.2158202889258,934.8798854051512,1098.8354564398007,40.98933087224301,0.4444039436921157,0.16102241564870404,Top Priority
1470,1018.172105415981,936.2295832895883,1102.1036807206165,42.65114988521965,0.42606366920668665,0.16291361406258445,Top Priority
1741,1018.0208257025351,936.8743061805444,1098.2137622623704,40.71654956017348,0.44259216208639773,0.15848345339152156,Top Priority
1626,1017.9767260596901,941.3926282283155,1095.141882319789,39.488350797206216,0.45524124702017105,0.15103415447089324,Top Priority
3019,1017.9129511159678,937.8482444397422,1096.6779555218513,41.041136708991154,0.43646332807452304,0.1560346696718806,Top Priority
779,1017.7779097959475,932.8232268367109,1099.1874964581793,41.975713107601145,0.4235284758683038,0.16345832231200866,Top Priority
1947,1017.764200514269,942.0744469826692,1096.1503507795367,40.9352363380387,0.4339586650379673,0.1513866411483269,Top Priority
544,1017.630926697933,941.1673779610386,1092.2928771380934,38.85998774171043,0.4537038666898187,0.14850717997283702,Top Priority
1775,1017.4503457002331,936.6760057726514,1094.8422810771062,41.00057743588013,0.42561219357272045,0.15545355699456875,Top Priority
1538,1017.317826261631,941.551409553453,1088.56118195894,38.819053904154146,0.44611664942657914,0.1445072214508502,Top Priority
2960,1017.282358835573,940.4894654075156,1097.294752761552,39.885805286376005,0.4332959736299012,0.15414136104112017,Top Priority
1016,1017.2386259198943,938.4030404148804,1091.1784060124508,40.32568872103248,0.4274849721513425,0.15018635913418527,Top Priority
3163,1017.1808747855657,939.86414025861,1095.009143222567,39.594735230766815,0.43391816324649746,0.15252449865090467,Top Priority
3342,1017.1798450765829,943.7705223185116,1092.0498012672876,37.788784104167014,0.4546281518141893,0.14577488894071847,Top Priority
3527,1016.9739256194665,935.1370025728964,1097.3408386320261,40.93054382005042,0.41470071089433197,0.15949655342473693,Top Priority
3345,1016.80580035844,937.6061579120367,1097.5797757164873,41.05861080211269,0.40931244457923244,0.15732956848599552,Top Priority
1151,1016.7532899712646,942.7783052132658,1089.4782449470338,37.88310751596268,0.44223642329778107,0.14428272933143305,Top Priority
838,1016.736121033066,938.728002907343,1098.5896107948697,41.75944413015065,0.40077451655977253,0.15723018448985324,Top Priority
556,1016.5978074821584,936.8325362843722,1095.1806784749542,40.380950545002605,0.41103062850541183,0.15576282087679116,Top Priority
947,1016.5949488882447,940.4264110003958,1088.8017400045433,39.57917095924031,0.41928490380292877,0.14595324240634067,Top Priority
148,1016.3985501983659,935.4705326347431,1097.9127853249445,41.89689051118153,0.3914025599104886,0.15982141322269522,Top Priority
1087,1016.3842964627592,940.2791483212089,1093.7872399001717,39.64920166488413,0.4132314340460008,0.15103351371445298,Top Priority
1337,1016.318267928494,938.1131080909928,1093.681512771828,41.3426739948168,0.39470760721814674,0.15307055829855523,Top Priority
3839,1016.246547957697,939.9312982229736,1095.3213866649003,40.06758801555491,0.4054785616591094,0.15290589547802827,Top Priority
1418,1016.2004471513635,934.9753685575631,1094.4795782221925,40.669711509293876,0.3983418261440425,0.1569613653603039,Top Priority
3689,1016.1124759921172,938.2559191850834,1095.9613441352926,39.90921069258629,0.40372825501934373,0.15520469305942533,Top Priority
4039,1015.8369826626962,937.0019204848699,1094.2145074192579,40.86044295823963,0.38758715070421457,0.15476162968816592,Top Priority
3120,1015.7846260772137,935.1705367032215,1095.2432964465645,40.74239204892002,0.3874251187377725,0.1575853341682445,Top Priority
2546,1015.6347190388952,936.2710801924384,1095.274398855439,41.05276679938819,0.3808444657408145,0.15655561559914657,Top Priority
235,1015.5554520243097,938.4927859701554,1093.0993885046705,39.779077626850636,0.3910460712595779,0.15223846440520536,Top Priority
3360,1015.3486838096477,936.9981241826401,1091.7445199361598,38.98169673294188,0.39374078339379043,0.1524071466492694,Top Priority
323,1015.3061879737543,933.6129902602454,1086.360374025502,40.09506199099006,0.3817474575097003,0.15044464967764506,Top Priority
2400,1014.9664800761908,930.265955041477,1100.138846439556,40.941804210827904,0.3655549716158481,0.16736798183258916,Top Priority
832,1014.954912409806,940.9267125784876,1090.8065715003036,39.071475895568206,0.38275780648210067,0.14767144539057056,Top Priority
2599,1014.9353469813647,939.3657053149252,1094.4988842224784,40.410065732207734,0.36959472128403026,0.1528503065431237,Top Priority
857,1014.748966683163,934.8640354517973,1088.380315225356,38.99059969344512,0.3782698085980574,0.1512849826054481,Top Priority
2291,1014.656442415078,941.6295733632893,1094.6393577727922,38.8597496819174,0.37716255341444166,0.150799598773857,Top Priority
117,1014.5250105302102,932.0957969272059,1086.623671846788,39.854570851031106,0.36445030570024195,0.15231549081162907,Top Priority
652,1014.5135987009032,933.390419533388,1094.3797126406776,40.63685641464664,0.3571535788302791,0.15868618549168612,Top Priority
3664,1014.4367443418319,931.3964116193381,1099.0808266111367,41.66269712447754,0.34651487633406297,0.16529804931365383,Top Priority
2541,1014.2330871032462,938.428996186151,1095.07316772621,40.345974556451594,0.3527758905248772,0.15444592917733607,Top Priority
1973,1014.1926518478247,933.792703383955,1090.5001738449873,40.19490528859686,0.3530957902729793,0.15451449995769212,Top Priority
2262,1014.1052164506201,935.8722400726672,1092.891384214417,40.567074083393244,0.3477011041423442,0.15483516068610578,Top Priority
2430,1014.0743351535306,928.9232828569784,1098.4653842830487,42.740559501671186,0.3292969328812893,0.16718902702571767,Top Priority
3733,1014.0381937119821,938.693907828565,1093.4283693917337,39.884001357610444,0.3519755599773445,0.15259234072510489,Top Priority
3022,1013.6161821803167,932.3011839942247,1091.6928736693371,40.47525834241967,0.3364075422354116,0.15725053770575803,Top Priority
1283,1013.5972417209359,934.5181510076403,1091.5867893062575,40.97368330360553,0.33185304870405485,0.15496158812738897,Top Priority
1646,1013.5416791289479,938.0641921847866,1086.322375910728,38.742763630733464,0.34952795980216694,0.1462773428847608,Top Priority
3903,1013.3299912268986,930.8195340475829,1089.4529485100381,40.53302816127579,0.32886739115223007,0.1565466490046232,Top Priority
3869,1013.3268752588144,936.2155392232511,1089.088977372557,40.00272240587103,0.33314920728641445,0.15086290700644897,Top Priority
3316,1013.2991477469034,939.3299849451128,1092.1632666278476,39.10096420674092,0.3401232684847866,0.15082740572965406,High
62,1013.089979436859,935.2558572284271,1089.2285721937517,38.731435355284106,0.33796783715306283,0.15198325725313422,High
737,1013.0437799398868,930.5797412904217,1091.6711474233696,41.757792764241444,0.31236756246983954,0.1590172205020665,High
678,1012.960819390907,931.760055449939,1092.5651363065988,40.78152068001537,0.31781108636437666,0.15874758211610968,High
3848,1012.6672718420785,936.6827926314003,1089.247050322398,40.90679643265458,0.30966179086971163,0.15065585897081268,High
2825,1012.2752939750137,935.6468508381586,1088.8324987460483,40.40916283410419,0.3037750132416431,0.15132805158798118,High
3533,1012.1206827219461,928.9282954893791,1086.1453225385912,39.57880402010682,0.3062417630352987,0.155334269650928,High
265,1011.930887419165,932.3660288396106,1087.6765022633062,40.195348721209335,0.2968225876560075,0.15347932883025286,High
3803,1011.9254044539412,929.7016694661369,1089.8990345152129,40.746490491165716,0.29267316792661474,0.15830946070132734,High
2478,1011.9078829455692,938.2186676834829,1085.1440580026278,40.351200463549056,0.2951060391951934,0.14519640848281457,High
1322,1011.8982959367257,932.9583776508388,1088.4390188389682,39.604370499426544,0.30042886142826114,0.15365243899753703,High
1526,1011.6991055365554,928.2371607661792,1089.1040734367316,41.14463433763255,0.284340977259699,0.1590066767779107,High
3143,1011.6617176210485,934.5554221085697,1089.9519855408407,39.35085834755061,0.29635230616956554,0.15360526223893348,High
190,1011.5270951961323,926.4189178927361,1091.687402001113,41.8910523332437,0.2751684322569457,0.16338512818218856,High
2073,1011.494298687798,934.6931355166739,1089.418021569041,40.36465262153245,0.28476149158450675,0.1529666417824502,High
2530,1011.0513819907933,932.786136358114,1091.6549555795239,40.658369323733545,0.27181075322522236,0.157132290258673,High
3511,1011.0465805837445,932.6261682319291,1085.5931258650871,40.11003441762338,0.27540690862361505,0.15129565795558106,High
355,1010.5529247426381,933.1683819443139,1085.2431902421115,39.74177789696729,0.26553730862260644,0.15048673312832891,High
2328,1010.5311907752485,936.1299341434478,1090.799103633166,40.56277760078696,0.259626963392276,0.15305729392782094,High
2611,1010.4473835162828,932.491367270315,1087.9665637501334,40.833550163833856,0.25585293158114897,0.1538676817973205,High
2582,1010.3941103109296,932.1239138972591,1088.6780186310823,40.91580264068626,0.25403657364877874,0.15494360382370667,High
1050,1010.2312724649809,926.9547445693278,1087.0249907114696,40.09858482402955,0.25515295639185875,0.15844911012462307,High
3103,1010.1825360561304,933.3962933278804,1086.3363108100943,40.340069026275344,0.2524174177663912,0.15139839783739434,High
3047,1010.1812048368199,934.9154519454685,1088.1493785975852,40.792857385130205,0.2495830272613157,0.1516895443296922,High
120,1010.1378143317555,932.2189200299083,1088.9596393041168,40.25916534754452,0.251813822870867,0.15516765836342677,High
786,1009.9752503829977,930.2687608103776,1086.4088671157144,40.53752223518015,0.24607449673726706,0.15459795301531024,High
3539,1009.9750079448648,936.6829222747546,1086.1144788043296,39.57288780550791,0.2520667178470731,0.14795569727378102,High
729,1009.8212990366238,930.2359505669317,1089.1644064653208,41.76037656059307,0.23518224320543213,0.15738275281973937,High
2,1009.81741864442,930.3812848174999,1092.0691156619678,40.36970360422206,0.2431877811308278,0.16011590596398878,High
3057,1009.7436813400205,929.1096361695828,1091.744489628482,40.585219633302685,0.24007955181854554,0.16106548272039498,High
1723,1009.5892756810741,935.2057416984989,1089.7788241679514,40.615984266582025,0.23609610487671923,0.15310491721019592,High
3109,1009.3836718616421,934.5751038383771,1086.850024214875,39.51331507970629,0.23748126024641042,0.1508593061503084,High
3072,1009.3138622450516,932.0718411784118,1088.0619649382304,39.49880691648602,0.23580110317621236,0.15455066020082636,High
4059,1009.2173090820459,930.4316761844732,1087.1429961724127,41.186571973042334,0.22379403384381744,0.15528005572009015,High
3125,1009.13205546026,930.3767865923857,1086.0946380976711,40.23728953364089,0.2269550351453216,0.15430869593599755,High
3776,1009.1002341977202,925.1544994952343,1083.1305697177609,40.29324412942372,0.22585012436550916,0.15655141567589131,High
1753,1009.098899170125,931.2820445604539,1088.594996686451,41.159039184161216,0.2210668506962249,0.15589448393548938,High
1564,1009.089779220301,932.1111810969729,1082.861584202205,38.91621071073556,0.23357308058241838,0.14939245863902537,High
1194,1009.0556622575853,924.1359582527539,1084.5371123136238,40.08861195638567,0.2258911400433955,0.15896165103716917,High
1343,1009.0491399375258,932.5025856109605,1083.076016703098,39.38204956133617,0.22977828828923777,0.14922309046461318,High
2448,1008.9879316707069,929.0687248106318,1089.2626078952771,40.57753253805441,0.2215002024156548,0.15876689706227942,High
3172,1008.9592713706585,929.4569606482588,1087.721887707774,40.25457799439882,0.22256527870954484,0.15685957951951243,High
640,1008.7729301009183,930.7441725590543,1084.772719184115,39.879236093315264,0.21998741601745123,0.1526890165556401,High
383,1008.6174592277636,932.8361996091273,1085.8684011390453,40.17287514250461,0.214509397129157,0.15172471994197417,High
2698,1008.6029836240289,929.1774886814784,1088.3746986937176,39.91222893194644,0.21554756159315597,0.157839320919144,High
3219,1008.531814372027,928.1354918925547,1088.7770248773486,40.3018706993218,0.2116977257874686,0.15928256371844754,High
260,1008.4476699522885,926.4748746829633,1089.0489440444555,41.40331297662489,0.20403367134069206,0.16121220188766353,High
552,1008.3442592276939,934.2458274514978,1085.8580264193893,40.20845901466743,0.2075249694262105,0.15035757637378086,High
1935,1008.0096091383186,928.0851295727266,1085.7652576563567,41.311132581820075,0.19388500478545226,0.15642720729460155,High
477,1007.978566280749,926.7715499344766,1088.2963574051846,41.47291239562194,0.19238017828695378,0.16024627196856386,High
1840,1007.9198599000896,933.0288470524798,1085.8547682241872,39.18445362604628,0.2021174003259595,0.15162507184535115,High
2424,1007.8518657007991,933.2893212410637,1091.4985719918539,40.669905927065884,0.19306328652148758,0.15697669085603272,High
553,1007.4158271880883,932.5683472133412,1083.776103335299,39.84097686852968,0.18613567665671532,0.15009467991386516,High
2912,1007.4043469418419,926.4954625952237,1085.4418270877452,41.202625762675126,0.1797057057598846,0.15777812054815124,High
929,1007.2644514088859,921.2475467987009,1089.9366219803424,42.31390141696997,0.17168001922820703,0.16747247949204583,High
2824,1007.0398126115659,927.0616968033097,1086.348524612102,41.04798552118927,0.17150202433032755,0.1581733172948865,High
1239,1007.0303286093933,931.4417734289825,1084.5685398753683,39.25252715661359,0.17910512057842903,0.15205775049281614,High
842,1006.9901074113308,928.7907521860848,1084.956469212633,40.72212708175305,0.1716537890394956,0.15508167942980433,High
1143,1006.9843160656384,929.2989005318328,1084.859381323216,41.58072907903059,0.16797002410331988,0.15448153293903263,High
3921,1006.9526677008465,928.3555148141621,1088.1037335660217,40.95053251967529,0.16978210716810596,0.15864521131525403,High
2700,1006.8940899189439,922.3332679385763,1086.7150208557966,41.8421933798985,0.16476406617478878,0.16325624965228788,High
825,1006.8907675860683,930.2474890921984,1085.5384801320322,39.615415872528125,0.17394156881353734,0.1542282400822189,High
3002,1006.8647831644993,929.1645913377563,1079.7586219972543,39.48218215275622,0.17387040913644253,0.1495672836884735,High
2959,1006.7751888331354,930.0620944958165,1081.8245446661429,39.757033336839285,0.17041484900880308,0.1507411504113653,High
3272,1006.7510425249376,927.3054077260421,1086.6017295685708,40.045589636860285,0.16858392112981993,0.15822811709537707,High
1339,1006.6506554844437,927.271141146207,1082.294376718195,40.36569175599417,0.1647601018371287,0.15399904100532688,High
2445,1006.5323632408928,931.4976768482342,1087.3818502096549,39.68004529096386,0.16462590183535805,0.1548724900007145,High
1663,1006.395214493158,927.4513277338245,1084.4714639489096,40.18161257285012,0.15915773618003484,0.15602233988579098,High
177,1006.3333212595716,927.3061730326278,1084.8777459486362,40.83748558041252,0.15508597479883302,0.15657990209325945,High
490,1006.1965185202873,928.4791128871248,1082.6950982647122,40.89491303676737,0.15152296606466006,0.15326626810871646,High
783,1006.1009884987818,925.9412321416775,1085.05564934053,40.32750508563721,0.15128603879228586,0.15814954862162442,High
759,1006.0420281128353,931.1460665298274,1079.086707466445,39.43097687704149,0.15323049519357018,0.14705214772600425,High
3129,1005.7816618879178,925.8799478782091,1084.5639289754165,41.40929823723227,0.13962231030322989,0.15777179790626444,High
1313,1005.720503275372,926.1911093194506,1083.6419522496194,40.76722735781602,0.14032112670216426,0.15655526800675942,High
1917,1005.7181993127341,925.5689678590043,1082.5013212986285,40.95305504178866,0.13962815000979115,0.15604008513206305,High
44,1005.7102812390838,927.9425127301677,1080.6578612887477,39.740732815913574,0.1436883729732627,0.15184825233210034,High
834,1005.5382467599501,930.8333706515565,1084.8729500844613,40.030812946412816,0.13834959503230299,0.15319116893788162,High
1902,1005.5224999545342,925.0071988483786,1083.5738768838235,40.706948592376385,0.13566479791532263,0.15769580297070887,High
1133,1005.2640020848975,924.6071425857607,1084.0332069082563,41.455716750851295,0.12697891865033,0.1585912397060365,High
2049,1005.149454296046,925.3002179031444,1087.5477820922038,41.00104237758072,0.12559325318181874,0.1614163580307459,High
1258,1005.1303539210529,930.6792847286972,1083.9556773912416,39.36818040914277,0.13031727318190847,0.15249404424471627,High
3320,1005.060771334088,926.4670294777192,1081.0497028785342,40.73530123992407,0.12423552005374747,0.15380430498309722,High
1536,1005.0161212910236,926.6301341695703,1086.7947889986026,41.6759557844875,0.12036007804986498,0.15936525935851456,High
1354,1004.8929181793429,926.2159327238757,1082.4024541802605,41.31975119067602,0.11841596423859967,0.1554260345862148,High
792,1004.8904487967491,922.7893542448752,1087.9758451998323,40.715409838035946,0.12011296990999361,0.16438258633341635,High
3274,1004.8461223846899,927.5968212069494,1081.8356623524464,40.49801200037921,0.1196632166696119,0.15349498565955466,High
1260,1004.7820274967204,927.361855232817,1083.241127125751,41.8603255157193,0.1142377045043439,0.15513740057760225,High
2299,1004.7733133344915,926.5224227143675,1082.7322843823044,39.60784766023843,0.12051433280186365,0.1554677653106958,High
583,1004.7360486207589,930.9459878088034,1075.9663987325641,37.79092895312163,0.125322365762265,0.14433682470419576,High
3401,1004.7198083148963,921.1835070524282,1082.2842259577685,41.22092969940674,0.11450028782257837,0.1603439263087053,High
4099,1004.7177745823408,928.4807320918774,1086.9956455125575,40.384885444869234,0.11682030369458825,0.15777058735382132,High
2618,1004.710554534038,920.9363179838379,1082.0317193528654,40.64225752708256,0.11590287598810335,0.16034011053436173,High
415,1004.7101916630173,927.0783408605773,1083.0678369741602,41.40645892119392,0.11375499827169264,0.15525820023322923,High
1352,1004.6341573455179,927.9164055190239,1081.1357149638943,39.39833912461759,0.11762316504916591,0.15251254232656417,High
2795,1004.5507081054475,920.5621030735582,1090.9622556087527,42.78759619765601,0.10635577853978113,0.16962822400131902,High
2680,1004.3959281029976,925.1471918179531,1084.0302316076925,40.635221140171154,0.10818024314015232,0.15818765821743402,High
1261,1004.3862321605368,925.6260214439493,1087.4621499490195,41.305256253263195,0.10619065364569119,0.1611293776468284,High
1434,1004.257642911379,928.6999065620694,1081.2444717958754,40.14126677147726,0.10606648105097387,0.15189783847855398,High
375,1004.1920796438893,927.4696559600792,1081.5603128851385,40.76680010931698,0.10283072580256901,0.1534473932314857,High
45,1004.1348408851135,924.0354632028527,1083.869561358032,41.70799778683701,0.09913784176948495,0.15917593100772243,High
145,1004.0891808765926,925.3105395354264,1080.1958995184111,39.787052778109015,0.10277667208470723,0.15425458508353437,High
77,1004.0257344556214,929.8245534833785,1086.5300386391395,40.05092114081667,0.1005154024165184,0.1560771599551939,High
2155,1003.9496815395705,923.545160799779,1086.6902796105044,41.415859882134235,0.09536640192455145,0.162503282595339,High
2497,1003.9376236067504,921.7322307545435,1085.7176237618046,41.55718191535247,0.09475193998406707,0.16334221285394854,High
3959,1003.8705177278154,923.5163325523293,1085.1900543232368,41.3526751334756,0.09359775916122323,0.16105037344541573,High
292,1003.8325922690494,925.4718584430661,1082.5051947367547,41.44434860708214,0.09247563052286706,0.15643378936196178,High
1113,1003.8252165371083,922.8462538051144,1076.570545820258,40.93992779248137,0.09343486281895216,0.15313850407688073,High
1888,1003.7764659767854,927.2310086829315,1078.4178792337875,39.45857568157644,0.09570710324824695,0.1506180665470519,High
769,1003.7725824402331,925.9469866101565,1081.4969808365388,40.46046453782129,0.09324120430467674,0.15496537457541493,High
2561,1003.611733620736,927.0015303895086,1084.6215159853728,40.65559400276669,0.08883731032167969,0.1570527528880293,High
2832,1003.4639903134554,920.3959787027853,1082.5147927382577,40.83411928446313,0.08483078303523957,0.16155917461954045,High
843,1003.3331187562309,924.486055542165,1083.56344215571,41.17683887053416,0.08094644580927335,0.15854892422044556,High
2344,1003.098087137923,917.4168640899776,1082.2534177860623,41.44110405390438,0.07475879826688955,0.16432745292776155,High
2849,1002.932453263176,924.3039777481853,1078.5221664542717,40.628570398305754,0.07217712152870212,0.1537672733635418,High
1091,1002.8687634734817,923.2564627622677,1076.0527981260288,40.03672457497408,0.07165330091150711,0.15235925270475478,High
1326,1002.856753274397,925.0920008490813,1080.020477953491,39.669779445728146,0.07201333897772894,0.15448714544580527,High
950,1002.626116273206,922.1554525621979,1082.1115954588936,40.721193691108475,0.06449015942721237,0.15953717971287038,High
2259,1002.3964676577073,927.2820582626479,1078.529334376393,39.62397506396108,0.06048024343440759,0.15088568345333822,High
3191,1002.2711008837676,921.8062245612277,1083.434105928564,40.39177609110475,0.05622681405851316,0.16126163991440873,High
2692,1002.1779500955753,920.1699064091882,1085.1661751794484,41.624879594344996,0.05232327677101971,0.16463769608433795,High
1184,1002.090805073667,923.9131205078993,1080.5927593616425,41.26035470156436,0.05067346339578814,0.15635273576053338,High
3030,1002.0850331221916,925.5125354958656,1080.5833102596102,40.11807191122329,0.05197241599261125,0.1547481198083474,High
3243,1002.0537420097969,922.5415311478275,1079.5543994699435,39.82189286439934,0.05157318906939619,0.15669106529875212,High
1672,1002.0034891552308,919.5736570458267,1082.5380981890157,41.85947879001258,0.04786225756133437,0.1626385964789215,High
2735,1001.9492343062842,924.336421728921,1079.3392922591077,39.40390828695543,0.04946804494846265,0.1547013214072721,High
3262,1001.8673732220566,919.1895044548596,1082.899825860327,42.100380829143255,0.04435525725135314,0.16340518294249523,High
3446,1001.8536452685606,924.025232180477,1081.7759661427401,40.934080801033375,0.045283666624164956,0.15745886108941176,High
2141,1001.8486358078677,921.5425976294463,1083.0246335824709,39.82422230113912,0.04641988470958366,0.16118406531821963,High
2237,1001.8240061667346,916.3378697988156,1089.1082632503749,40.99159967074163,0.04449707211686496,0.17245583294877131,High
2062,1001.7522698522905,926.8423224435106,1079.9975505612636,40.04682476385288,0.04375552525383102,0.1528873282616428,High
270,1001.7440418227011,925.4789557374478,1076.960807235339,39.912917584534455,0.04369617477868562,0.15121812077091643,High
3807,1001.7322788875888,921.4749872074319,1080.7157213732723,41.85255119222239,0.04139004285862283,0.15896536182569188,High
1385,1001.6681782957531,923.922651807605,1080.1363561146893,40.40495090150651,0.04128648243675847,0.15595354598652383,High
3294,1001.6645390465877,921.8449732762833,1082.455184706222,40.453821259898646,0.041146645601011646,0.16034331372338692,High
888,1001.5790891686364,924.2394897874902,1086.1146964250104,40.88482758132843,0.03862286481446639,0.16161999425515675,High
362,1001.5785733152464,928.2275268457043,1078.0832070464016,39.021380457770675,0.040454061253798856,0.14961949485867274,High
3665,1001.5720828188595,919.3596212085821,1085.2048414883259,42.12966721391324,0.03731533911429302,0.16558490709224163,High
241,1001.5570916232044,921.885630643312,1080.38039101282,42.22553994360052,0.036875588217088334,0.15824835318437866,High
4073,1001.3160865202886,919.5305995856008,1081.9831167784546,41.75347387314475,0.03152040772193421,0.16223899663631552,High
1399,1001.2562119044285,924.1291395517436,1080.4411726262024,39.72103052788693,0.03162586387446656,0.1561159183992948,High
2500,1001.2474998825228,926.0787671517779,1080.6815456639827,40.83490535865332,0.03054984140567944,0.15441015186589171,High
615,1001.2239850525565,921.8890367792751,1076.6822629709316,39.81989481468049,0.030738028270864165,0.15460399321489587,High
3985,1001.2214885832453,918.4938199120528,1079.6755792452004,40.53490946139872,0.030134237364179934,0.1609851178496219,High
1684,1001.1543333661115,919.4063019686125,1076.8331930448508,40.721606556320175,0.028346950519129634,0.15724537749033435,High
2158,1001.0411749362893,924.6959055880618,1080.0298250069216,40.27059736251923,0.025854469624985648,0.1551723578490624,High
2801,1000.8275285365906,927.7217909926825,1083.140510186743,39.669908551944154,0.02086035906805973,0.15529021211208463,High
1121,1000.6570655347696,916.7356956634278,1074.9307121337,39.927557466474234,0.016456442028072636,0.15809114023067408,High
1522,1000.6550087006256,925.206483983784,1077.9109641597038,39.51664649770378,0.01657551332610218,0.15260452288567486,High
283,1000.6386653317777,921.8412647470144,1078.9886786178588,40.55740559922888,0.01574719394254954,0.1570471133241085,High
2269,1000.6133000640548,921.6567779594798,1077.7209176916697,39.50729076801708,0.015523718587944211,0.15596848425080836,High
878,1000.5985029871734,920.5471716079107,1079.1517967060495,39.79909797542671,0.015038104319424086,0.1585097565353562,High
290,1000.4191311067927,922.3652493589851,1077.2140150926523,41.48038086872608,0.010104321561539686,0.1547838909901228,High
228,1000.2443136437486,919.3398493835665,1072.105717417522,38.98806668482633,0.006266369802933905,0.15272855436433438,High
450,1000.2313168494168,922.3456577043447,1078.7573662984244,41.28492639225644,0.005602937188720722,0.1563755362976974,High
3934,1000.1811127696249,921.9262241297865,1079.3479940907648,40.163163018009044,0.0045094249559889,0.15739326403100934,High
1408,1000.0800331127118,921.821955932113,1076.4487951124304,40.33320027680066,0.001984298596753093,0.15461446490342085,High
3355,999.9569956370713,920.1914294257716,1077.3335831173194,40.479350993907666,-0.0010623777771341606,0.1571489117803839,Medium
2279,999.9519688215545,922.1359228718674,1077.455802879797,40.16211964381166,-0.0011959323579405093,0.1553273405631416,Medium
2791,999.9360779091935,921.5536807413478,1075.4374805114426,40.26397911420258,-0.0015875751034241982,0.15389363697313194,Medium
1439,999.9075507103909,923.0015223246808,1078.9608735058248,39.75450372143667,-0.0023255048096420847,0.15597377084545636,Medium
314,999.8696035066486,921.797552575104,1080.2812714467784,40.83297227082665,-0.003193411747902645,0.15850438728795763,Medium
2346,999.8399560671838,921.2860913227471,1079.2205688447484,41.194075167315454,-0.0038851201821166015,0.157959758022902,Medium
2748,999.705652961968,927.2387540421353,1079.4864292675077,40.351113104480376,-0.007294644816113691,0.15229250207227185,Medium
1644,999.561602210807,922.7513058252458,1080.1095922936206,40.939392294127074,-0.010708458641578185,0.15742730224963963,Medium
4000,999.2355092090552,911.6402611123711,1077.6795791034808,42.597808170179654,-0.01794671659843749,0.16616635063593574,Medium
2732,999.2177115398563,923.463333713402,1082.680469049098,39.46183559631918,-0.019823924769903162,0.1593417865765536,Medium
1308,999.1352530714885,913.4150958001989,1070.4925825376865,41.27628763040966,-0.0209502108390783,0.15721343657388567,Medium
839,999.1309173871315,914.9381779980793,1082.7630669960938,42.196380812634864,-0.020596141093889287,0.16797086956021776,Medium
1394,999.1193543492242,924.96564430658,1076.0962033731876,40.23168302680859,-0.021889356460404494,0.15126376884676246,Medium
1754,999.0900993267172,919.2446319874259,1078.32945939532,40.42228569151653,-0.02250987685918363,0.15922971062880195,Medium
3748,999.0856181062843,919.9708044128589,1079.8361632855683,41.495297908052706,-0.02203579537473935,0.16001167064713234,Medium
2664,999.0547018714132,920.6494000000861,1076.9383035930819,40.91589060966414,-0.023103447450403703,0.1564367829911995,Medium
3859,998.9700838711226,916.9349224977575,1072.9648215816947,40.644853245269864,-0.025339398389813642,0.15619076246938604,Medium
2110,998.339922203501,921.5714722735839,1077.1181762089616,40.25657968652958,-0.04123742775530563,0.15580535294237297,Medium
4119,998.1782618387579,916.8704388309832,1073.704884448231,40.615026337769,-0.04485379736287539,0.15712067835292365,Medium
870,998.1626709221155,919.9033504458345,1077.9737580957612,40.31231109673522,-0.04557736899468741,0.15836136959910482,Medium
414,998.1405615576799,921.1727652431541,1082.7075928744805,41.73322006996849,-0.04455535516316768,0.16183575124853966,Medium
2968,997.9777681306089,916.7827664595039,1078.7200493621954,40.96679030764836,-0.04936271194801393,0.16226542120875997,Medium
2290,997.8510195067147,914.4343669706583,1075.5147425567632,41.48940779847114,-0.05179588254726779,0.16142727966118087,Medium
3375,997.7614352291092,910.8867785621023,1073.8183400667058,39.94371454262944,-0.0560429793904544,0.16329711266821068,Medium
1040,997.7036815016323,921.3332574611802,1071.997019876463,39.78698786554816,-0.05771531401491358,0.15101053069035528,Medium
1384,997.5824254859468,915.5919044556157,1076.4010852716935,41.19469736390838,-0.0586865462973704,0.1611988911470085,Medium
3260,997.5375326969602,917.9283291893333,1070.6911349899271,40.40784570330236,-0.060940326319811285,0.15313990781638218,Medium
1217,997.5363730062276,919.3524323281572,1071.98050325795,40.18766471656123,-0.061303064289704355,0.1530050182228693,Medium
2270,997.4006946866135,923.9617527465319,1075.2919969960292,40.10417845640849,-0.06481382772151319,0.15172462286788932,Medium
2591,997.2700428493978,919.659101563433,1078.5486556907815,41.00548883869432,-0.06657540802259934,0.15932450319410946,Medium
1747,997.206893270173,921.5054412726937,1072.2181077307434,38.54846935501733,-0.0724570074132763,0.15113480209088084,Medium
2120,997.1080371986071,911.4754959320059,1076.7864007516753,41.6772683361208,-0.06938945177667694,0.16579036438630398,Medium
2559,997.0778723658076,920.5017669734037,1073.1044489671901,40.51919679385148,-0.07211711646356772,0.15304991337507046,Medium
1253,997.0580790690552,919.298696068227,1075.0661944056703,40.69221439153856,-0.07229689941760728,0.15622710613095095,Medium
3395,996.9871388284982,920.7631900775407,1071.9920734704883,39.0939272542726,-0.07706724248770573,0.1516858919269991,Medium
3443,996.9711314582505,926.6605244996994,1076.4119653758312,39.419154833290484,-0.07683748052334019,0.1502063963046686,Medium
6,996.9073913110249,917.0744240064224,1077.0657960366616,40.480257817123544,-0.0763979494139222,0.16048769767855348,Medium
2404,996.8457885599439,915.1039427400844,1075.4531688956474,42.55782300669398,-0.07411590201782543,0.16085660188945122,Medium
3366,996.7764160373143,915.0909771299946,1070.861940819715,40.465127683885,-0.07966325938394207,0.1562747283979572,Medium
392,996.6879118959458,916.5793898314971,1077.3624893485564,42.42586304529539,-0.07806766595456323,0.16131739694846933,Medium
243,996.4782296632053,916.1630764244688,1080.14786528349,41.01478178204135,-0.08586588014803818,0.16456434669370112,Medium
3247,996.4693132020357,911.609778406944,1073.1861438057574,41.14632356243662,-0.08580807450772046,0.16214886224605052,Medium
3603,996.3964558343009,919.9552511979326,1076.8687645925552,40.13069093630855,-0.08979521861256426,0.1574810031447131,Medium
3625,996.321875021289,922.5679001329022,1071.1193790022448,38.779676951105785,-0.0948467152871975,0.14909988688762701,Medium
1097,996.3199902613582,920.0777211841927,1074.6095347127252,41.17428837837904,-0.08937640172001726,0.1551025925797145,Medium
1939,996.2835185267048,917.9807701916893,1078.9383817363096,41.35320973953755,-0.08987165680012187,0.16155803900343843,Medium
35,996.2203336712813,916.1542567199474,1075.7352658845214,40.74114588574256,-0.0927727054933276,0.16018646053577767,Medium
2266,996.2104982274791,911.8497924167879,1077.1246437831244,40.65551712553843,-0.0932100251195789,0.16590354313712213,Medium
898,996.1985925294654,914.9415699611191,1075.3505691565963,42.26151185702517,-0.08994963273900757,0.16102110603085668,Medium
3963,996.1576117875273,918.9166325417399,1073.102604072106,40.91907180075858,-0.09390213519949453,0.15478069906396782,Medium
1701,996.099619426319,916.9114290622246,1076.2807358081025,40.96310432654851,-0.09521691868340953,0.15999334166763665,Medium
1065,996.0162111664544,918.0253721333453,1073.0987308967456,39.63132628896962,-0.10052120901778734,0.15569360922528638,Medium
2341,996.0082189996632,915.8583102542087,1075.746886548928,41.40252807439319,-0.09641394344722766,0.16052937440145087,Medium
53,995.6371717323339,917.0842692682066,1074.7969633538,40.68990269852968,-0.10722139838942882,0.1584037825859647,Medium
3745,995.5458158440559,914.289765458528,1075.7333807356429,40.85854710565339,-0.1090147465211204,0.16216593220296724,Medium
381,995.5004383088706,920.1430349350504,1071.753770596379,39.82366797580593,-0.1129871234830264,0.1522960009127477,Medium
2426,995.4870332858613,917.1291368264921,1079.0358023794138,41.98179971107318,-0.10749817171245066,0.162640657426252,Medium
3515,995.481676445823,912.5638846996656,1075.0093046354282,42.67089754574907,-0.10588770834578051,0.16318273231883376,Medium
2805,995.4336254599156,918.4991295786232,1075.319963244334,40.47336469815833,-0.11282418880020184,0.15754022132139217,Medium
580,995.4333009656604,920.8295074174705,1073.0693024956652,38.55349366390901,-0.11845097811757233,0.15293821789014725,Medium
2570,995.4186213317686,917.4103132956651,1074.0465175115596,39.66820310315519,-0.11549246776612934,0.15735711675388517,Medium
3846,995.4167373983641,917.5934392420061,1076.881010661178,40.941896006685646,-0.1119455386454849,0.16002098963644934,Medium
2521,995.355853213767,912.6015670748525,1078.9065974720004,42.623741112316424,-0.10895680822561736,0.1670809789887592,Medium
3890,995.229113702276,918.9783819906809,1074.5248293725913,39.90629262207731,-0.11955223059444582,0.15629209921650497,Medium
3414,995.1946787824328,917.204314824829,1077.4580480709421,41.12628898033453,-0.11684305432627255,0.16102752221522623,Medium
2596,994.971096799226,914.0256414299052,1074.580088609104,41.094533280374996,-0.12237401910525236,0.1613659408757648,Medium
542,994.8511704030666,921.9986238737339,1071.2801022850872,39.151905202631596,-0.13150904330927252,0.15005408130632397,Medium
2948,994.7306467943575,914.9034255366552,1073.0677043393084,40.83560816867849,-0.12903819587739435,0.15900211711819395,Medium
479,994.673238365702,915.5800706416289,1075.0625408765634,41.0455699740878,-0.12977677341698046,0.16033654479029932,Medium
360,994.5973177671963,917.7149438413265,1074.3560581596914,41.47125879045338,-0.1302753374355595,0.15749199351352927,Medium
232,994.4997169691349,917.4419795085569,1072.2701602167574,40.69597174182645,-0.1351554661419247,0.155684489463767,Medium
3053,994.4924173134273,916.5289625171425,1072.0098882326142,40.50810324571346,-0.13596249257006476,0.1563419921647023,Medium
1186,994.3112432511209,913.3982466683186,1074.8928449824964,40.98016491522194,-0.13881732200560318,0.16241855798204133,Medium
2941,994.2476487158109,916.0821585209441,1075.4739790122337,40.6602055834494,-0.14147373830619733,0.16031400295204434,Medium
3043,993.8654196213813,911.4601429221991,1069.5559798176273,40.562453397986985,-0.15123790265909157,0.15907167487088514,Medium
1431,993.8141763155403,918.7260770729998,1070.604429154543,39.32378420265762,-0.1573048934604226,0.1528236924981447,Medium
3478,993.7570825120656,915.9417136744783,1074.0380989115292,40.790841344565784,-0.15304703904485858,0.1590895682850456,Medium
333,993.7448397608682,916.4326611385158,1071.5600944881114,39.42060766841408,-0.15867741795730245,0.15610388818413895,Medium
153,993.4302324564433,915.5956415413411,1072.5645142995788,40.369036562868274,-0.16274273807167483,0.1580069416350483,Medium
361,993.3877968361393,912.4804119947099,1074.2909941071782,40.62586422855178,-0.1627584616209514,0.1628876282030261,Medium
664,993.3221082471241,910.5664760659474,1074.2262085117638,42.48578777692528,-0.15717942639874422,0.16475998176927745,Medium
547,993.1112529536886,917.7872710244185,1070.2822860893398,38.23781080281544,-0.18015537243581478,0.15355280147251796,Medium
4097,993.0935589783667,915.9503740093884,1072.3589304327722,40.156435477365434,-0.17198839836086074,0.15749629529798514,Medium
1314,993.023623774528,916.1921317504975,1069.1608317385019,39.990414778426164,-0.17445120947421572,0.15404336445346925,Medium
2017,992.9862994491205,919.040025720498,1073.216921957395,39.513556374316835,-0.17750112099346083,0.15526588465765323,Medium
3004,992.8995348991915,915.490361635114,1068.8596556898583,40.58416128196793,-0.17495655636385718,0.1544660750297519,Medium
2709,992.8346719743671,918.935233601235,1071.1969930106984,38.25464648563201,-0.18730608393738823,0.1533606386919115,Medium
808,992.6144494675918,908.0399820505442,1076.6182702989395,42.996472302385804,-0.17177108113584352,0.16983259546424656,Medium
526,992.5754994986333,912.1020710007556,1074.8761853135716,39.679412213720404,-0.18711215935803094,0.1639916705530571,Medium
3554,992.550518629519,913.2816422017903,1069.8956747307661,40.26908509835299,-0.1849925656936675,0.1577894823381114,Medium
2850,992.4716559094136,914.0482198776338,1072.3920169511828,40.44579376529419,-0.18613416599691887,0.15954490602399793,Medium
3863,992.4604594471265,916.7789497990996,1071.9901491536452,39.15486918822826,-0.19255690822586755,0.1563903104422011,Medium
2086,992.3572427825567,910.277992623675,1070.6795381292145,41.498595804553226,-0.18416905606730807,0.16163689706720502,Medium
11,992.342641184137,909.4441819527616,1067.22595394804,40.82334763450664,-0.18757302523104288,0.1589992865841191,Medium
2368,992.3299831480889,916.7607625559419,1066.1379032578577,39.68785288003396,-0.19325854878306375,0.15053172154289698,Medium
1074,992.3267732966382,915.1845461577173,1071.8016454834237,39.78269594224703,-0.19287849959945214,0.15782815050470136,Medium
2108,992.303112556285,915.6764253178927,1068.7413492345788,40.46585879148816,-0.19020694663556786,0.15425218562740728,Medium
3568,992.1580375511364,912.386460414588,1068.981686147166,39.57904103432502,-0.19813422063618488,0.1578329457664723,Medium
738,992.132332057117,914.3235298182665,1068.8044959254403,40.11047963999519,-0.1961499342191355,0.15570600928493916,Medium
3387,992.0687591472657,913.7190230031441,1066.6702332430489,39.70782207077112,-0.1997400118948466,0.15417400137806397,Medium
1244,991.9846000355097,914.5598817761116,1067.3325514931585,40.286269569469916,-0.1989610864979307,0.1540070982065428,Medium
2768,991.9419345893606,913.1959828730119,1079.9867027473147,42.09712302114195,-0.191416059634111,0.16814564850849867,Medium
3948,991.892886967533,915.6551777356007,1068.4399050083084,40.27278528345393,-0.20130499977606123,0.15403349422114443,Medium
1998,991.6025599857421,913.3278025577943,1074.182270189429,40.959969448461,-0.20501577826673403,0.16221667240748905,Medium
3574,991.5803298915118,911.7609948648959,1072.0185320348153,41.16125364809299,-0.2045532961768342,0.16161831002381122,Medium
2708,991.5628660934525,914.5946707289858,1071.032846677072,41.103278303399385,-0.20526669051236532,0.1577692966300962,Medium
3569,991.402354670489,910.6176994417253,1066.8568299168612,40.769027842069974,-0.21088668983759806,0.15759406838111137,Medium
1059,990.6552996608642,910.9048228476546,1063.950019106951,40.3973708225627,-0.23131951780180188,0.15448884825194908,Medium
3581,990.608791482011,915.8486336147971,1075.4558478353815,39.903943950213005,-0.235345371618056,0.16112032882506758,Medium
3092,990.5184842580235,914.3776965977215,1070.596001017261,39.321243430756574,-0.2411296010685207,0.1577136690554132,Medium
400,990.5087543622278,911.8105458821801,1068.4287561175329,40.132640085506836,-0.2364969166630971,0.15811895608756799,Medium
2846,990.4282408185741,913.1815285652483,1062.046131205327,38.6114234488467,-0.24789967130082158,0.15030326933836644,Medium
2342,990.4062239573792,913.771573706762,1064.9948169153777,39.69925037726829,-0.2416613903650474,0.1526880986312576,Medium
2153,990.362544649367,910.2584392801435,1066.4756762527975,39.50835613354654,-0.24393460760696717,0.15773742435701857,Medium
1058,990.3495960020887,907.0847073701201,1073.101320314968,42.5487149341822,-0.22680835397354193,0.16763435216718942,Medium
3198,990.2905078485727,913.1654316772274,1066.0807990336493,39.15071174582591,-0.24800295367459022,0.15441465523953557,Medium
599,990.2189756177435,909.3705507712888,1070.1148049283522,41.147970294858524,-0.2377036901739642,0.16233202767780117,Medium
2773,990.1839346641276,909.618188456399,1069.6846702134342,41.630567725239594,-0.2357898503969033,0.16165328092434667,Medium
1918,990.1798868178388,909.872034586271,1068.9345164461713,42.09150884849136,-0.23330390025952183,0.16063998469114807,Medium
2754,990.1174240567867,910.1135364397055,1068.2765312000683,40.440349478105816,-0.24437414786842174,0.15974165378518945,Medium
2987,989.9573841469938,909.1391313212453,1069.9803366986514,42.490292059869596,-0.23635083135827684,0.16247285787559076,Medium
1908,989.9477417846725,908.6873121923945,1070.892536718093,40.57990632730642,-0.2477151655858618,0.16385231025758565,Medium
1310,989.7727254229445,913.6388108653125,1064.3430462412553,40.00857772013843,-0.2556270469946637,0.1522614550845949,Medium
833,989.7621338749909,910.7983838453965,1069.3608647972392,41.1212667668997,-0.24896767366247535,0.16020261386547388,Medium
1807,989.7461185417204,913.0806228366645,1073.0259105570544,40.99045996370036,-0.2501528762390088,0.16160233894733667,Medium
1173,989.3403107008024,912.493294093947,1071.305251102403,41.02115000356854,-0.2598583730166085,0.1605230832007249,Medium
622,989.2521092714454,915.0715872724477,1069.0423916175268,39.621772206748226,-0.27126224118577014,0.15564364523667687,Medium
3753,989.2028299777844,914.2638023920052,1066.6626196331933,39.17046645854182,-0.2756456840676984,0.15406225358717454,Medium
3712,989.1165370528762,908.5401536592769,1071.7568348526618,40.7515013674049,-0.2670690056054952,0.16501258959808454,Medium
718,989.0409101554426,911.0831882847242,1070.7442977773899,41.346990766949624,-0.26505169158084096,0.1614302379742538,Medium
3549,989.0087479726809,909.9761859700259,1067.8502105755563,40.99548449352993,-0.2681088457206494,0.1596285421429774,Medium
2365,988.9925859486463,913.1143013858284,1068.8174919215844,40.44504708744323,-0.2721572811512727,0.15743615548584197,Medium
3731,988.8890404411122,910.3884173181688,1066.379891813832,40.13049086401692,-0.2768707613504532,0.15774416351715295,Medium
2957,988.4969276628145,907.5337207273529,1070.780172859912,40.05175494694806,-0.2872052011808787,0.16514614012866607,Medium
2463,988.4267888246725,909.9430724187343,1066.5858596573105,40.67071547178802,-0.28455882914957525,0.15847687356272322,Medium
3200,988.4057290007421,909.2995462606856,1064.4251367880072,39.322366160964776,-0.29485181415068323,0.15694525636162632,Medium
3400,988.3343925098198,912.4011815801285,1067.492853282528,40.18216376019039,-0.29031805155643703,0.15692226525533806,Medium
1292,988.3080409944669,904.2035139870354,1067.4172055983177,42.029146521504984,-0.27818692438950027,0.16514455497807287,Medium
3430,988.2009798127156,907.7924566212452,1065.3690186136168,41.6675146297287,-0.28317072165533347,0.15945801027462622,Medium
3423,988.1334746626068,908.6251729462734,1071.2964650199092,41.44176112532975,-0.28634220687451073,0.16462481663135545,Medium
977,988.0666224420104,909.2642240117597,1065.6203647084162,39.96996697002115,-0.2985586044376784,0.1582445324488563,Medium
1208,988.0599409432918,906.5306146482432,1070.2299011258806,41.81999399092939,-0.28551077887045867,0.16567748543813568,Medium
3447,988.0212129861148,904.7771155064069,1068.3597304566226,41.431139216704956,-0.2891252145211428,0.1655658935255216,Medium
1757,988.0203145329937,909.8845249686702,1064.7462321172954,40.11415168939663,-0.29863988050314233,0.15673939581072632,Medium
1518,988.0179945255305,908.995249283805,1069.5444528085097,41.399846938010356,-0.2894214921231619,0.16249623429359117,Medium
2372,988.0171329734802,908.0953360734076,1068.8531772617662,41.447144787184754,-0.28911200248044167,0.16270754405295682,Medium
1645,987.9078351501149,906.059180368068,1066.3426136492387,41.0675032932867,-0.2944460675763015,0.16224533056448048,Medium
31,987.8413182214559,909.757065065577,1068.8831232830576,41.20146515143116,-0.2951031409649209,0.16108463503427525,Medium
625,987.7806662372777,907.3314802438953,1067.4178913874678,41.08567815336692,-0.2974110276848604,0.1620667589631863,Medium
430,987.6878874322848,910.5217019575076,1069.8470970153387,40.68187537778271,-0.30264368231261807,0.16131148016002608,Medium
1909,987.6404686956166,909.6808905117795,1069.8613763041592,40.26196184247193,-0.3069778703964057,0.16218501658192597,Medium
2139,987.6038693365942,912.8410773588948,1059.9924120337562,39.69127725549407,-0.3123137253460364,0.14899833753558267,Medium
881,987.5309711945144,907.0182461149444,1064.151963054519,41.04769071009736,-0.30376931295719106,0.15911776088349525,Medium
151,987.4700720216706,913.5647013750308,1066.8961136140776,41.19713852625857,-0.3041455893919178,0.15527702214319045,Medium
658,987.469042237411,915.2298429585966,1065.0312067082941,38.347969113708096,-0.32676978865380324,0.1517023393566618,Medium
4010,987.4098797357905,911.704966926146,1066.213560471359,40.31322735758011,-0.3123074258613583,0.15647867893174833,Medium
3392,987.3916056615608,907.9312135824753,1070.0579767082947,41.198659850086635,-0.306038943604441,0.16419702395301727,Low
3854,987.3138292049975,915.2059014258355,1067.5209275265795,39.27876397433545,-0.32297785142352076,0.1542721489309947,Low
3501,987.0840702052258,902.5376575843286,1072.1230766220021,41.45906092897638,-0.31153454770479583,0.17180443303316084,Low
1442,986.9434919292443,910.3621821783325,1071.07100814486,42.083204172334575,-0.3102546093517058,0.16283488090324105,Low
94,986.8000352043604,904.0939151142579,1067.5390738775995,42.47572665891353,-0.3107648964227812,0.16563148858166904,Low
1086,986.6037420908488,908.5120724065981,1064.3128032087147,40.99414283429212,-0.3267846814922327,0.1579162171754363,Low
3810,986.2393744806207,908.1157475101417,1060.582808515908,40.28377950689104,-0.3415922162175826,0.15459437632578754,Low
3536,986.1150321131654,906.884125969593,1069.3499645063864,42.02472228000534,-0.330399991564985,0.16475343468666342,Low
2127,986.0820855357742,909.9726414356888,1065.9659860281836,40.79057365461038,-0.3412041856060703,0.1581950903283451,Low
3696,985.9037615524585,905.6494239156231,1068.2127756521768,42.3406223844958,-0.3329246868299045,0.16488764733037686,Low
3999,985.7002684230808,902.347064457008,1066.944074495977,41.6438625384303,-0.34338149021894654,0.16698484855065596,Low
2234,985.5858922289613,905.5732507441455,1060.4042697510215,39.036919106717534,-0.3692429653998576,0.1570954091649145,Low
329,985.3501476233577,907.4650275769358,1066.0380131708075,41.72124150375939,-0.351136539772487,0.1609305950543025,Low
2074,985.2753860596393,907.4515683136053,1063.2652875658237,39.503843487151016,-0.3727387676885154,0.15814230362067203,Low
2557,985.2459557635173,903.9479369231763,1060.9019692854804,40.366785397744586,-0.36549960793526787,0.1593044167744616,Low
3909,985.1679275389288,903.3916621932443,1062.1890186487053,40.2686478506936,-0.36832804806520836,0.1611881101855969,Low
419,985.1566135941844,905.9929208884831,1057.915259187336,40.278360803625084,-0.3685201212180343,0.15421135705985756,Low
3180,985.1060811851792,908.0371226219638,1065.7331320190829,39.860769006360535,-0.37364855686663323,0.16008023136695623,Low
2871,985.0762362753196,908.1187249743966,1061.5237294092356,40.544056118990405,-0.36808758553612625,0.15572906825453423,Low
4050,984.7976875862015,905.7244099364989,1062.2938877352176,39.71012294271799,-0.3828321668942675,0.15898643931880052,Low
2462,984.6361495811772,911.1140438032912,1070.8117512250878,40.575280791865474,-0.3786505014625303,0.16218956361669773,Low
186,984.5266627268463,906.0263010353218,1064.0361228476254,41.340165986902164,-0.37429306108872673,0.16049318702518764,Low
49,984.2517449026599,904.419860001441,1060.321362081906,40.175616148601456,-0.3919854032627781,0.15839596209797258,Low
2267,984.1118866552794,900.0347103038281,1065.9270898197994,40.8812895691639,-0.38864021933165205,0.16857064909539207,Low
748,984.0252877291819,898.3497012455958,1069.4602843882733,42.28384887581503,-0.3777970240536725,0.17388840030477914,Low
2008,983.9396354482338,900.4220651860768,1063.2068623731693,42.23118398104354,-0.3802963364459596,0.16544185366913886,Low
4109,983.9147048284078,905.3060014028968,1069.2071208499199,42.27655530166328,-0.38047790452216285,0.1665806178550884,Low
4067,983.8677372932269,902.8231303034596,1063.9038795551319,41.63945554429846,-0.3874273209362847,0.16372195483798507,Low
1393,983.8293673781086,899.7103893455301,1060.139549286867,41.13205715445782,-0.39313940854375323,0.16306604098318214,Low
1598,983.7967506160146,907.1841838527806,1060.1951464270155,39.802717750303735,-0.4070890205446272,0.15553107130962313,Low
1898,983.7008703851772,908.4609987787222,1064.5272937959876,40.38972929444993,-0.4035463940844624,0.15865218758641148,Low
3570,983.6032981328818,904.9262660852022,1063.4033585199095,41.080734870469556,-0.3991336065145407,0.16111891118658847,Low
4098,983.5679554314612,906.9204004910335,1065.5045245656247,40.427558867306395,-0.40645651206576633,0.16123352046887818,Low
3640,983.5655245213025,907.9529465287634,1064.7082230930223,40.15662783081127,-0.40925935185443413,0.15937451309159203,Low
401,983.4598636577526,900.9395865432444,1066.7929609309717,43.10306061952474,-0.3837346143061369,0.16864274844005717,Low
692,983.3531223762602,900.8971992619698,1062.7947571128093,40.52245582267865,-0.41080623781995096,0.16463827100036668,Low
1420,983.22939491411,905.0321800185613,1060.5378265953434,40.490224840870546,-0.41418898392882886,0.15815805282180995,Low
782,983.1047765561198,903.5808874282128,1066.0871589732978,41.50019854105219,-0.4071118702520762,0.16529903568809332,Low
2585,983.0089537100846,902.4012168939192,1063.277159851206,41.51364866887529,-0.4092881939971318,0.16365664051187617,Low
4026,982.6180087314074,902.4248580180125,1061.9652875736404,40.431384437236055,-0.4299133336771014,0.16236261511388322,Low
2853,982.42026139094,906.8625214156181,1059.9286128088117,39.73389386336548,-0.44243684420943286,0.15580510440254777,Low
2886,982.3067724564737,901.5783683324672,1063.3335799497634,41.342105074556855,-0.4279711328588157,0.16466873297920132,Low
3091,982.2828217112453,903.0802388304286,1060.468738720314,42.06185109293268,-0.4212172747606808,0.16022727508936496,Low
2811,982.146651836741,903.4572774823285,1062.702374391152,40.667964341598875,-0.4390027495179304,0.16213983584937608,Low
2916,981.995020300213,903.4842457157141,1062.6659271538701,39.79100388502824,-0.4524887020144153,0.16210029393987294,Low
3982,981.9334360159911,900.0908282544661,1061.9873507289117,40.95136412204829,-0.4411712374260525,0.1648752517597425,Low
3359,981.810952170023,901.5802882982658,1064.8423857610794,40.430311472043535,-0.4498864136269196,0.16628669409519992,Low
1621,981.7036304405324,907.6766962118539,1052.9780727223128,38.089703716939745,-0.4803494848748488,0.14800941139970722,Low
3786,981.6874412439126,906.450260077361,1067.5499539831849,41.3620214577053,-0.4427384859517286,0.1641048740540999,Low
2042,981.6235917698053,902.6393232186782,1061.1220803445658,40.08837964357942,-0.4583973808264871,0.1614496212750482,Low
3408,981.4266099315591,905.7865370444393,1061.6647433151252,40.939745611046554,-0.45367624520434974,0.1588281840876071,Low
1816,981.3995238569693,904.7394364035963,1061.750454076223,41.15538887283732,-0.4519572442992296,0.1599868492452108,Low
2868,981.3005293892573,907.070508936387,1067.8063975495008,41.017520865834584,-0.45588982990725596,0.16379884021172675,Low
1373,981.2034320878478,905.1412300994139,1062.2174432111785,40.21057018965933,-0.46745340400534807,0.16008526669900758,Low
2568,981.1783081971197,905.8861572559568,1061.9078294608073,40.168926549543755,-0.4685634747960196,0.15901459592144343,Low
3616,981.1374310616922,903.8302123911066,1062.1248704328696,39.97189027902902,-0.47189584497093356,0.16133790540482368,Low
3841,981.0809253944487,902.5626270123457,1058.3212992630722,39.51514660164871,-0.4787803217908823,0.1587623082041911,Low
166,981.0210884849015,903.6978608963926,1058.821364608947,40.376568858897016,-0.47004765514929286,0.15812453527592224,Low
3252,980.6867094583396,900.0258966606547,1063.6410619428727,40.591669745659495,-0.47579443424412493,0.16683734336788072,Low
3579,980.6372964478674,905.3843176744281,1059.3242832064411,41.014334617157516,-0.47209600577142236,0.15697951331203197,Low
79,980.4339529108898,895.4996342833666,1058.371918268944,40.61879209113938,-0.4816993830148462,0.16612264752971137,Low
1362,980.1136223137715,896.2539629534054,1058.7137756709533,41.08818495086941,-0.4839926054170389,0.16575610114878936,Low
412,980.0106435836819,905.2932602546764,1060.022385898582,41.100543814648454,-0.4863526017189521,0.15788514814297866,Low
2865,979.9000402508428,898.7305530688867,1057.2518254206916,41.0454314983846,-0.4897002910043284,0.16177290115349452,Low
543,979.8473706164533,902.647854446782,1058.4496325363948,40.7166491099856,-0.49494813114678293,0.1590061705136718,Low
1068,979.7547414417885,899.4072448729017,1063.6841566675357,41.49867273239151,-0.48785315831099346,0.1676714639348284,Low
685,979.720117602648,898.7011346659001,1060.0232392376229,40.99592041039865,-0.49468049977499756,0.16466141877996152,Low
1764,979.538178990422,899.7049785032902,1058.3059141621193,40.84414460268456,-0.5009731800879261,0.16191399075663782,Low
1728,979.2755998195963,895.7882021225578,1057.6280971164292,39.65805092208618,-0.5225773758049702,0.1652649111482874,Low
704,979.1786187987904,899.1826517031876,1056.6376707318122,39.045131519958964,-0.5332644657776665,0.16080316298346356,Low
344,979.000754829994,900.8762614292516,1063.3925079519304,40.86385410890058,-0.513883127960565,0.16600216672039253,Low
2422,978.901090291951,901.5601561371137,1058.7201519095074,38.95332431084654,-0.541645933468481,0.16054737024097268,Low
869,978.8219150572993,898.1194868940321,1055.1040023293708,40.16496098232334,-0.5272776177230998,0.16038107956149408,Low
904,978.6334948302408,905.5315654728156,1059.5465913000342,39.287106711518994,-0.5438554008736542,0.15737763589824283,Low
1286,978.4993176846928,900.6828561041218,1063.5494752895981,40.5136404307637,-0.5307023038833331,0.1664453068509525,Low
2936,978.4325112214306,899.5081876848592,1053.8866179936113,39.624497091672346,-0.5442968456778763,0.15778137841723294,Low
3266,978.4319607644868,899.7156764757125,1063.4812827707449,40.42960336954411,-0.5334714525485685,0.167375569137251,Low
464,978.3783591072911,897.5167893861997,1058.7077711480233,41.94613675865856,-0.5154620321082549,0.16475321664810771,Low
2572,978.299820190351,905.3740397274114,1056.97870684059,40.2296907122269,-0.5394070753582421,0.1549674894999779,Low
1190,978.2986516148246,895.8851461691512,1055.3751405258784,40.72045887875096,-0.5329347699590814,0.16302792004615937,Low
3788,977.9662249090924,897.939700468117,1057.0597936052097,40.99620362334151,-0.5374589143264603,0.16270510073278227,Low
4063,977.8147979519573,901.1716920695272,1059.629974120763,40.43755230653252,-0.5486287072934127,0.16205347104904558,Low
2636,977.7998382970468,901.183781052738,1053.3899584858611,39.818214136891925,-0.5575378550788536,0.1556618967110979,Low
1985,977.7833224290118,900.2104880548611,1056.2922303024689,40.79163592534515,-0.544638062853082,0.15962814937349215,Low
201,977.763868277566,895.7346876034875,1049.5594871153248,41.365007055951324,-0.5375589974481788,0.15732305570138927,Low
855,977.6870417970127,899.6675685195272,1055.878150968525,41.24525927905338,-0.5409823721078901,0.15977564984586368,Low
2638,977.5156833731023,900.096166005792,1059.8959295747306,40.97625931437708,-0.5487156954565824,0.1634753961363764,Low
851,977.4289323690106,899.4650312022536,1054.443398876332,41.252733277659296,-0.5471411428442962,0.15855717233421224,Low
2771,977.0158057151283,899.5103187687617,1055.7198688687672,40.290276942137154,-0.5704650359658842,0.15988436337083373,Low
3385,976.7123923614769,895.9317342455726,1057.6119190988607,41.77292417479115,-0.5574809065575682,0.16553510134378532,Low
2119,976.4815559690774,891.9698901756863,1058.1373804706143,41.34679316530105,-0.5688093859395056,0.17016961485772306,Low
2940,976.4456229704455,897.8742762181206,1059.0491357986334,41.59938340481849,-0.5662193787907492,0.16506281127074207,Low
3493,976.3878512755227,898.272619715363,1056.6832114248932,41.76633601062488,-0.565339241595686,0.16224146122116076,Low
3328,976.2675170693773,900.0958294769403,1055.7880029134906,40.282999295975706,-0.5891438906088011,0.15947695761087813,Low
3550,976.2267412672553,900.5119818445039,1055.656922295689,40.69973724775246,-0.5841133221089164,0.1589230594623836,Low
1269,975.9681708762969,901.4175590870856,1058.52467403458,40.39734174857133,-0.5948863980524911,0.16097565436630157,Low
2823,975.8578557299159,898.1841712108646,1060.5895605103353,40.452929193642156,-0.5967959490527692,0.16642320225827947,Low
681,975.8261197602842,897.7936627767781,1055.8162546863678,39.877655053975964,-0.6062011471586157,0.16193724343882965,Low
1525,975.6686815028423,899.2755836477521,1052.0659377603854,39.65717885954911,-0.6135413359414721,0.15660065451448865,Low
1890,975.3753974151118,899.2621322981358,1050.8532044816363,39.02656085931168,-0.6309703453926759,0.1554181831787424,Low
1152,975.3065584458174,892.7250580441805,1055.4964609968702,41.93008309687304,-0.5889194518678206,0.166892554492888,Low
559,974.9400955244041,895.8393770893454,1053.2818032731932,41.352702274154616,-0.6060040359504703,0.16148933345403357,Low
800,974.8520683675582,895.0178072379992,1050.8402396576598,39.80463824423669,-0.631783951361069,0.15984213141240347,Low
4083,974.5080377807951,890.368416821983,1054.5614984093613,41.9292847712764,-0.607975126651054,0.16848817579923514,Low
1460,974.4123302322275,897.6900416743313,1052.162496020853,39.76677367105467,-0.643443442996663,0.15852883789935932,Low
1687,973.7910500292792,897.2888404302516,1046.530756503813,39.432706050077236,-0.664650048044813,0.15325866475058914,Low
2449,973.7654368027527,899.182286032905,1053.726930031142,39.62857720387966,-0.662011231497833,0.15870828657224337,Low
1881,973.320017031843,896.2162817007896,1056.1181941027444,40.62158903106619,-0.656793188167822,0.1642850343195227,Low
2190,973.2572969505705,894.2692912774453,1043.411792789355,39.139685675869806,-0.6832631020825167,0.15324056853126725,Low
1852,973.1060230264733,894.5174443712623,1048.1857363624742,38.59672383726189,-0.6967942949490145,0.1579152613949358,Low
3781,973.0824949787426,889.2858431674678,1050.9507491993945,41.58548619201481,-0.6472812388670849,0.1661368967853629,Low
2151,972.7663850441522,894.8342417024038,1051.6807452276394,40.611315452570565,-0.6705917957189435,0.16123758585481607,Low
206,972.6291268252172,895.4666464546602,1050.9711772188832,39.907578425146625,-0.6858565278803238,0.1598806024571865,Low
1652,972.5632440816129,892.287872437378,1053.7803418986084,42.37057278963264,-0.6475427192029943,0.16604829603007154,Low
2051,971.6880033141626,897.7309200575431,1050.0292393374227,39.80619271009931,-0.711246033802531,0.1567358233923148,Low
3996,971.5607752118045,893.075514414851,1053.8203187516463,40.74486245251134,-0.6979830848942429,0.16545007624639044,Low
357,971.1043094303316,888.1309612712969,1047.3243145839897,39.586217891798874,-0.7299432001473115,0.16393023052907538,Low
3131,970.6261673494237,892.3495834786019,1053.8022084280276,40.701160354550936,-0.7216952144533133,0.16633862797076548,Low
3074,970.265299478124,898.7695786719554,1051.889295627935,39.964213197563694,-0.7440331772549118,0.1578122159355159,Low
61,970.0681006118648,893.7645664885133,1046.2692408104685,39.59598722108693,-0.755932645927184,0.15721027650096298,Low
311,969.6908942498607,888.623819619028,1053.87110554471,41.85618765723376,-0.724124853375202,0.17041233129606204,Low
3736,969.6808936330231,894.2068692139628,1045.5599491186751,40.29056264667335,-0.7525113668145877,0.15608545130517143,Low
891,969.1807784293595,897.2642387158454,1042.1153520662847,37.633013854931185,-0.8189410948972435,0.14945727007213547,Low
4086,968.9091800957009,889.0321027234311,1051.4799299434223,41.38610338397855,-0.751238153924272,0.1676605305813554,Low
1965,968.8397293510106,884.5969584788701,1047.7768456021822,41.84320857183857,-0.7446912345522405,0.16842815398643923,Low
1824,968.7810150304108,885.5993837762703,1050.3066629508278,41.91485579788002,-0.7448190951707437,0.17001497409544836,Low
1618,968.6512193254105,892.0815963390078,1047.2470496075957,39.69828068684439,-0.78967602959637,0.16018712429500528,Low
2588,968.0981433198547,897.7220207504819,1052.4749152242327,40.5194696526027,-0.7873216740904743,0.15985248555798676,Low
3824,967.9838881711441,896.8066688116033,1042.8616762553902,37.75959842035831,-0.8478933348929416,0.15088578356374835,Low
3025,967.8756537458866,890.6113877220322,1047.8085905311232,40.2968780153531,-0.797191937347456,0.1624146678353816,Low
1556,967.8618943727814,889.1644870895677,1046.6617860882545,39.54765794041638,-0.8126424496651296,0.16272703772551375,Low
4085,967.7468239624696,896.3421603903718,1046.697431773676,38.3869605467621,-0.8402117692605615,0.15536632894094132,Low
287,967.3620723279855,889.9321555172978,1041.6782525080241,39.08738429019306,-0.8349990224391473,0.1568658740419136,Low
2578,967.1633124872624,891.8104755188094,1042.9757473005886,38.88426890975188,-0.8444722874679645,0.15629756611944487,Low
4092,966.6649790491535,885.9992709418276,1052.566960780674,41.937429017711956,-0.7948751683554006,0.17231170410527166,Low
3980,966.4234578440594,883.1706966182829,1043.092908375659,40.940350755236935,-0.8201332313120359,0.16547840437786723,Low
2838,966.2429640713534,891.3754171730653,1042.673419645528,38.85971568228931,-0.868689730121512,0.15658380769465538,Low
121,965.8024809125234,891.4049631876576,1044.8659871465366,40.8778538560174,-0.8365781434595201,0.15889483304483099,Low
1759,965.3015036307155,888.3790499930484,1045.158018641333,39.58717726027821,-0.8765084749829077,0.16241450785956899,Low
3593,964.4909327311256,892.723431996441,1043.2087512089272,39.12409860268715,-0.9076009042272373,0.15602564431203156,Low
2121,963.7179738508089,883.961101841086,1044.308969800671,40.48526897841994,-0.8961784635426452,0.16638463981207036,Low
88,963.6895339171658,884.9042559950555,1041.3436920887927,39.47873671584097,-0.9197474160378717,0.16233385399325514,Low
4114,963.6293579712689,887.4860730363663,1042.4314813723352,39.72292880507415,-0.9156082676382414,0.16079357385102483,Low
3505,962.1590697628579,880.6255186131924,1039.7941995448905,40.63158299615058,-0.931318138422692,0.16542865512968472,Low
3319,961.983094067928,886.8723696549589,1039.287020530555,39.364244702551524,-0.9657725232464007,0.15843797236714618,Low
63,961.5490728252768,886.6369233185279,1043.7357055684965,39.91080321746732,-0.9634215318897627,0.16338093051077704,Low
3110,961.3528532885266,882.5937615459501,1038.211181892685,40.924544282072944,-0.9443513028537946,0.16187336399367844,Low
911,959.1424525492055,881.6635594094893,1039.7052449115697,39.68856590882306,-1.0294538619676252,0.16477394476914017,Low
408,958.1810402017203,881.8147469470189,1037.4865143497402,40.247839984468385,-1.0390361275143614,0.16246592331857107,Low
2007,958.0928199526819,882.7080627690273,1041.253840730508,40.069802692745235,-1.0458544148235978,0.16548060340261292,Low
1924,956.6550356714662,885.2677351075771,1032.748045808393,38.14228796608935,-1.1364017902405317,0.1541624778019394,Low
1685,954.2636813295308,876.7031234051888,1030.8190105141646,39.59274989557605,-1.1551690345100192,0.16150241293292583,Low
3590,952.7229953563137,874.0767950521284,1029.7937530587774,40.433764118104605,-1.1692456953943977,0.1634441057533324,Low
3558,949.7292495868438,875.626843177601,1028.5495934587775,39.04378626469499,-1.2875480383062408,0.1610172060592024,Low
1355,946.5071406374097,872.3975436962115,1024.7613090990503,38.699152388643256,-1.3822747026957725,0.16097476591696067,Low
2106,938.1237771958191,864.4758976248092,1013.9245520730457,38.978134644016876,-1.58745982508629,0.15930590193008323,Low
3592,922.7856522900424,853.2994696463696,996.6096524899264,37.033240853126145,-2.085001094454296,0.15530170250036857,Low
