batter_id,truth,n_bbe,age,arima_ts,last_mlb,career_mlb,global_mean,hierarchical
6,86.93390705128205,312,28.2,86.33430323741008,86.33430323741008,87.96851338912134,88.3408415117403,88.26414056809456
11,88.3000191780822,73,25.8,86.61262754793367,86.61262754793367,86.35385981348661,88.3408415117403,87.0063213614079
12,88.39255310621242,499,33.8,88.76662731591448,88.7666273159145,89.45661529026982,88.3408415117403,88.758122231309
31,86.43619082125603,207,27.3,86.33784015681431,86.35936259541984,86.27227820163489,88.3408415117403,86.07182583119847
35,86.39671840659341,364,29.400000000000002,85.74956382556086,86.7755081300813,87.70854937833037,88.3408415117403,87.47532232468372
44,89.70944326241134,141,25.9,87.82201783072443,87.82201783072443,87.99995535453115,88.3408415117403,88.63031259955841
45,90.4342724025974,308,25.6,87.71170149668468,87.29443956043956,87.29443956043956,88.3408415117403,88.97222732599884
49,85.50161216216216,222,27.0,86.58571455240703,86.00418645833334,87.26329004975125,88.3408415117403,86.94648111795917
53,85.3847125,136,30.6,87.43389113541306,87.55361843971632,87.35523383233533,88.3408415117403,86.8417614380297
61,83.12258727272727,55,25.4,85.98876556116926,86.11503771929826,85.38264122137404,88.3408415117403,85.42643073805817
62,88.7786458041958,286,30.199999999999996,86.3364966699096,88.29989795918368,88.43114227129338,88.3408415117403,87.09360360577415
77,89.1969954653938,419,28.0,96.1645659518494,89.11706332288401,88.04856578014186,88.3408415117403,87.15297512143826
79,82.69071397058823,408,27.9,84.83242770068425,83.96500366492147,84.51962986425339,88.3408415117403,84.32839022823991
88,77.18993614457831,83,30.1,81.41977299231611,80.31559610389611,80.73900763888889,88.3408415117403,81.81116640766044
94,87.89099406779661,118,25.0,88.9130022830542,89.31155426136364,89.31155426136364,88.3408415117403,88.91274014622651
117,90.64379405286344,454,28.7,89.99732253829322,89.99732253829322,90.12586424242424,88.3408415117403,89.30013225175486
120,86.78843461538462,78,32.6,88.96827451537673,88.63800885416667,88.79613694196428,88.3408415117403,88.58558372369336
131,91.59732449888642,449,30.3,88.48416450939457,88.48416450939457,88.30640060483871,88.3408415117403,87.650792271153
145,89.81083157894737,152,27.400000000000002,87.4576845977419,87.88777513812154,87.31878231404959,88.3408415117403,87.20088070926295
153,87.85343169642856,224,27.3,87.02247521338673,87.02247521338673,87.2761278453319,88.3408415117403,87.3177080531893
166,87.38228704103672,463,24.9,87.79346268221575,87.79346268221575,87.46173138173302,88.3408415117403,87.24277127565747
175,91.64087830508474,295,28.7,90.7949565026472,87.938985,90.43437581699345,88.3408415117403,90.73249736743584
176,91.58238634686347,271,29.9,91.54394545454545,91.54394545454544,90.95882464028776,88.3408415117403,90.39344731456879
177,89.58138414322251,391,28.0,88.1526375650179,87.44015904761906,87.87354827225133,88.3408415117403,87.58001693636032
186,88.66285507246377,138,23.1,87.45019260830607,87.45019260830607,87.45019260830607,88.3408415117403,89.84054738928829
190,88.25785683646113,373,31.4,90.14527100651415,90.04380335195529,90.15364748455427,88.3408415117403,89.50193767789816
201,86.45410150753769,199,23.6,87.21169630087073,89.66750571428572,89.66750571428572,88.3408415117403,87.35442321284441
228,87.8363908045977,87,26.4,85.09050307357272,84.32691359223301,84.81602699999999,88.3408415117403,86.54530883764545
232,85.30587771428571,525,31.2,87.61144058524359,86.72328767967146,87.6470222462203,88.3408415117403,87.1804201354078
235,88.25225287539936,626,32.8,89.64760374346699,87.31795374771481,88.54320303724927,88.3408415117403,87.84405419431884
241,86.36644883040935,342,31.9,87.74395771028037,87.74395771028037,87.95507726879862,88.3408415117403,87.46055131707169
260,87.27889935064935,154,32.3,100.29709952183262,89.92384545454547,89.86028296943232,88.3408415117403,89.83861945329032
265,92.173382421875,512,24.3,92.80504743833018,92.80504743833018,92.87112907801418,88.3408415117403,92.47402269838756
287,84.2605393939394,99,21.300000000000004,84.13929819597784,84.13929819597784,84.13929819597784,88.3408415117403,85.09155574761246
290,89.45416332378224,349,26.5,85.06762486538007,84.92657379310346,86.43750131195335,88.3408415117403,86.39347086107811
292,86.26476163265306,245,32.9,95.60669164142368,87.76980175438597,87.68419445350735,88.3408415117403,87.33012811608853
296,87.88326584699453,366,34.4,89.70588667131993,87.69130481283423,88.30416866666667,88.3408415117403,87.79494883987675
311,82.4356746835443,79,26.300000000000004,81.28245867289552,80.79774691358026,80.79774691358026,88.3408415117403,84.03488075344528
314,88.34641747572816,412,27.6,88.65030762170623,88.43008954128439,88.76735795601552,88.3408415117403,88.33721307210212
323,92.04546658097688,389,26.399999999999995,94.14895785986597,91.0465716535433,90.8644273611111,88.3408415117403,90.43916050275939
329,86.2512339055794,233,26.6,85.51491754385965,85.51491754385964,85.75274916317993,88.3408415117403,85.39949789617502
333,88.5369527559055,127,25.5,87.75354532413894,88.38977745098039,88.38977745098039,88.3408415117403,87.81160473338822
355,89.30519464720194,411,29.4,91.42182890060441,90.2293959139785,89.70465247657296,88.3408415117403,89.22741099818286
357,85.31075409836066,61,22.5,84.91511507851044,84.59594074074074,84.59594074074074,88.3408415117403,85.49415474549716
360,88.2288587628866,194,25.1,89.89766264785294,83.28482698412698,84.74488651685392,88.3408415117403,86.38353268231937
361,89.02913684210526,57,25.1,89.87180180166307,91.13878333333334,91.13878333333334,88.3408415117403,89.05472945737236
362,86.33664899328859,149,29.799999999999997,87.26299159686546,79.89417692307694,87.51846568047337,88.3408415117403,87.57183797509958
364,92.55700772833723,427,30.3,91.91538873239436,91.91538873239436,91.32185189255189,88.3408415117403,87.63219240174855
375,87.61659877300613,489,30.7,88.13089684684684,88.13089684684684,89.66169544854881,88.3408415117403,89.14799718565264
381,86.75715213675213,117,29.9,85.52696620734832,87.50709011299435,89.45132857142856,88.3408415117403,89.26451314171925
383,89.42509523809524,420,28.6,90.9320663704947,89.79522629399585,90.6303039446367,88.3408415117403,90.23964574817936
392,82.52282621359223,103,33.5,89.21752209422786,89.20741097560976,89.12139911504426,88.3408415117403,88.48092106952339
400,86.94973739130435,115,27.7,86.84535309734514,86.84535309734514,86.5887845140033,88.3408415117403,86.53661918358124
401,84.0314487804878,82,28.799999999999997,84.87614858782118,84.87381936758894,85.59374040178571,88.3408415117403,86.19999954420386
407,88.75268364485981,214,34.8,88.58289202629743,88.2637585106383,89.06942578616352,88.3408415117403,88.55406278281946
412,87.61587846889952,418,21.9,85.21601978979362,88.59892916666666,88.59892916666666,88.3408415117403,86.02867455458086
414,89.0646115,200,25.7,90.66065957922692,90.97563733333334,90.97563733333334,88.3408415117403,89.32463400899205
415,90.50697428571428,70,26.7,89.26207412162101,89.05493777777777,89.05493777777777,88.3408415117403,88.58259235811519
419,88.14434234693877,392,23.1,87.02136512219741,86.94158185053381,86.1886543252595,88.3408415117403,85.85834131988483
420,89.45107139037434,374,35.0,88.69657613065327,88.69657613065326,90.73894029850747,88.3408415117403,89.91600484707858
430,89.54145609756098,82,21.6,91.97886829934885,91.97886829934889,91.97886829934889,88.3408415117403,91.73569070060685
479,88.40428585657371,502,25.4,88.33867902860088,87.90285968253968,87.90285968253968,88.3408415117403,87.13584479179825
490,89.64722222222223,243,26.8,88.74643574648455,87.30986408450704,87.80746714285715,88.3408415117403,86.71521328123211
526,88.59438853503184,157,23.8,89.47203358059323,89.47203358059325,89.47203358059325,88.3408415117403,89.5570870660716
537,91.80381375358166,349,30.400000000000002,89.4388875572014,89.09934754601227,89.75197698815566,88.3408415117403,89.1356938238317
542,88.67299031620553,506,26.5,88.80238446876486,87.13856715686275,88.64865625,88.3408415117403,87.99966525855424
543,86.57477488888888,450,22.7,85.59622184599462,85.17212382978724,85.17212382978724,88.3408415117403,84.89420375030011
544,91.54535481481481,405,28.3,93.50299050446195,89.85228594470045,90.11571010869565,88.3408415117403,89.89929661402849
547,83.09149266666667,150,30.9,81.40325254237288,81.40325254237288,83.60845712166173,88.3408415117403,83.7505840674092
552,90.98695892857143,112,24.5,89.85173493446118,89.20994871794875,89.20994871794875,88.3408415117403,90.57337785188889
553,91.864968359375,256,24.0,88.56844977078984,87.93976296296297,87.93976296296297,88.3408415117403,88.61489415761686
556,91.32009528985508,276,28.7,90.12295519632178,88.70725622009569,89.38602373493977,88.3408415117403,89.36254918246401
583,90.3748275510204,98,27.1,89.4050607706165,89.3560581395349,89.3560581395349,88.3408415117403,89.00750875718045
593,88.97603803921568,255,32.5,89.12047729504593,88.93172846715328,90.99901628787879,88.3408415117403,90.51419894081045
599,86.05861342281878,149,28.100000000000005,103.0882502615739,88.32816638297871,87.27978580786026,88.3408415117403,86.71963260121993
615,90.19533186813187,91,24.900000000000002,89.28616602773378,87.40713582089552,87.40713582089552,88.3408415117403,88.18395997218242
617,89.27526650485437,206,36.4,87.75459074388246,87.75625530546624,88.22836991596638,88.3408415117403,87.44897345843175
622,86.47802875695733,539,26.1,87.08305299760191,87.0830529976019,86.83472332361515,88.3408415117403,86.73497068069297
625,89.40790106100796,377,22.3,87.48595676482275,87.33036267123288,87.83195714285715,88.3408415117403,88.33679120146503
640,91.04300645933014,418,25.5,89.94610469882477,90.34416437768242,90.74348424068768,88.3408415117403,89.10549854843374
652,89.03460561797752,89,30.9,91.77336265449742,86.3547348148148,87.04460406091371,88.3408415117403,86.94045873846329
658,84.88824411764706,374,27.400000000000002,85.35977253780706,85.0220447761194,85.33041319444445,88.3408415117403,85.6910014404338
664,90.52553673469387,245,21.5,88.59361533497922,88.59361533497919,88.59361533497919,88.3408415117403,88.83360828840118
678,87.12978047808765,251,33.3,86.91046923389554,87.36317484848486,87.58813238095237,88.3408415117403,86.9389092189185
681,85.74043333333334,171,23.8,82.32013584994775,82.00222540983606,82.6860025477707,88.3408415117403,82.31077460100164
685,84.00705620915032,153,27.300000000000004,84.41340885310102,87.51205396825398,86.52084666666667,88.3408415117403,86.06451282992562
704,84.66217051792829,251,26.3,85.431965099476,85.08013240223464,84.83719361702127,88.3408415117403,84.46410607468894
718,88.46143211009174,218,26.1,88.14224689303975,88.14224689303975,86.5614564837463,88.3408415117403,87.00257677862197
729,87.8946058252427,103,30.6,89.01058866626899,88.94303933054393,90.46089807370184,88.3408415117403,89.72554414602872
738,88.76249047619046,273,24.6,89.5341833025114,90.07685897435897,90.07685897435897,88.3408415117403,87.76377892506493
748,87.01143762886598,194,24.3,88.03398518356737,88.03398518356737,88.03398518356737,88.3408415117403,88.01483727894195
758,89.45320286343612,454,38.6,67.41641658077054,89.20610202020202,90.34915259831459,88.3408415117403,89.40057132689236
769,90.05023369803064,457,25.3,91.80997704590818,91.8099770459082,91.28094576,88.3408415117403,91.1232847144432
772,91.33515471698114,159,29.899999999999995,89.76412716438755,89.12840193236715,89.54995687943263,88.3408415117403,88.98832147359953
779,90.61972957393485,399,28.8,89.89526450629337,89.88754049382716,89.7528236196319,88.3408415117403,89.20549555650891
783,88.8286144876325,566,29.299999999999997,88.86370395716439,88.9046825670498,89.13888722700197,88.3408415117403,88.68934439861926
786,88.75115298507463,134,30.600000000000005,102.07617582157584,90.81879310344826,88.8699026506024,88.3408415117403,88.30596680616725
792,91.2502423076923,52,24.0,87.80807350733316,87.80807350733316,87.80807350733316,88.3408415117403,88.30994603151375
808,87.29871301369863,292,27.3,87.44954204631169,89.24048559999999,86.66026370106762,88.3408415117403,86.20290506386806
814,90.31868606557377,244,31.0,89.04324463276836,89.04324463276835,88.98478269550748,88.3408415117403,88.26638653891163
825,89.43388737373738,396,28.300000000000004,89.91093325581396,89.91093325581396,90.21881502392344,88.3408415117403,89.83758949071948
832,88.06786910569106,369,32.6,91.01848364957328,88.4156490636704,87.90853584447146,88.3408415117403,87.33372838109584
833,86.15338412698412,63,29.4,86.14859098139029,86.14859098139029,85.96860341547921,88.3408415117403,86.23350711420169
834,86.991178,50,31.4,89.79533329329378,88.4037,90.03269173228345,88.3408415117403,89.3953734511706
838,90.50064472222222,360,28.5,93.50712476962352,91.323163538874,91.08137203098106,88.3408415117403,90.65984619548823
839,87.65113827160494,81,27.7,89.88414836601306,89.88414836601308,90.31204800884956,88.3408415117403,88.65091790245415
842,89.06423444444445,90,28.9,86.1823219371255,82.6215864864865,86.83622738693468,88.3408415117403,86.91915205307562
843,89.62146772908366,502,26.5,98.5498001063315,90.18800237529692,88.92711743396225,88.3408415117403,88.97935147280188
855,81.74617664233577,137,28.3,84.42668762376238,84.42668762376238,84.78041260869566,88.3408415117403,84.56358888232634
857,88.27732752475248,505,32.3,90.01073588621445,90.01073588621445,90.25382435192458,88.3408415117403,89.65963452028643
859,88.85102753303964,454,37.20000000000001,90.51508718662953,90.51508718662954,90.61411903428971,88.3408415117403,89.48767175674651
869,83.07122096774192,62,29.3,84.36432624733204,84.3609210031348,84.0537355450237,88.3408415117403,84.45531207593635
870,88.337710041841,239,25.4,89.78274429530201,89.78274429530201,89.19465847953218,88.3408415117403,89.24087666584622
878,87.43693855799373,319,28.7,87.32522268041237,87.32522268041237,86.88680860215054,88.3408415117403,86.10483693605828
880,84.23207707509881,253,36.9,86.84580067113447,86.48519635627528,87.02518211382113,88.3408415117403,86.11426289858686
881,86.55867037037036,54,27.3,84.43256550101508,83.531486,83.531486,88.3408415117403,86.006270643325
885,91.86050242718447,206,31.9,91.588482,91.588482,92.01357297619047,88.3408415117403,91.48622328447364
888,86.85187085020243,247,28.0,85.62803447293447,85.62803447293447,85.48831299212598,88.3408415117403,86.35551026108764
891,82.6709076923077,169,26.799999999999997,80.51845191392657,80.51845191392658,80.6365885355482,88.3408415117403,82.32156551524336
898,89.53132631578947,57,24.0,85.42252358059324,85.42252358059324,85.42252358059324,88.3408415117403,86.16760909593054
911,83.15036604938271,162,23.2,85.58982100128101,85.58982100128101,85.58982100128101,88.3408415117403,86.34483081590996
929,85.90703256880735,218,32.8,86.61066581356302,86.6029187755102,86.69030593963,88.3408415117403,86.12945087015902
947,87.3062605263158,152,34.5,87.52909244679945,88.2439125,86.29763440979956,88.3408415117403,85.71458315367386
950,91.59918446969698,264,22.8,89.11793079908172,89.48822217898832,89.48822217898832,88.3408415117403,89.25617351333311
977,84.268238,50,29.8,90.6263219071134,87.22486275862069,87.4914014957265,88.3408415117403,87.42446042771607
1010,90.08672341463415,410,33.1,91.3900037479607,91.43967138643067,92.17077505518763,88.3408415117403,91.25308013089284
1016,91.89270625,352,27.2,89.43588687166746,90.35224684684684,91.67268955223881,88.3408415117403,90.3327070730771
1040,88.44719528985506,276,26.5,87.53012293252556,87.52882896341464,87.52882896341464,88.3408415117403,86.6481679459147
1050,91.3600496969697,330,26.4,94.21294098137506,91.30461831683168,89.89753537414965,88.3408415117403,89.12124589656398
1058,85.54910871212121,264,29.1,84.15640924151542,84.04940869565218,86.2249801724138,88.3408415117403,86.12815183059216
1059,84.63049468438538,301,28.800000000000004,86.07754838498577,85.56938795180723,85.56938795180723,88.3408415117403,86.33824274743132
1068,88.62109625000001,80,20.8,86.90313213131788,86.90313213131788,86.90313213131788,88.3408415117403,87.09667643285263
1074,87.31027570621468,177,24.8,90.5751747885986,90.57517478859862,90.57517478859862,88.3408415117403,90.57400401069206
1086,88.11139310344826,377,22.2,85.47002113094307,85.47002113094307,85.47002113094307,88.3408415117403,86.24479593992984
1087,91.12515576923077,156,27.6,87.44690536573052,92.91948000000002,92.91948000000002,88.3408415117403,87.38144277878975
1091,90.50669864864865,296,24.8,91.10832215290169,93.74065,93.74065,88.3408415117403,91.16944175854562
1097,82.414745,60,34.6,86.2448438403392,87.1177606060606,86.92034830917875,88.3408415117403,86.29472592379935
1113,90.81795625000001,176,24.1,90.29543525898194,90.68284285714286,90.68284285714286,88.3408415117403,90.34712655840312
1121,86.38343055555555,72,27.9,88.53398561894178,88.78429729729729,87.696274251497,88.3408415117403,87.37212290088014
1133,88.25782252747253,182,28.2,88.83600557872849,88.48534222222223,88.73513246753247,88.3408415117403,88.25189293533163
1151,88.32915098814229,253,32.6,86.6202641733008,87.00700925925925,87.42174099722992,88.3408415117403,86.9170098383225
1173,87.41836309523809,84,26.1,85.10967000870674,84.4256902173913,84.4256902173913,88.3408415117403,86.01979050442995
1184,90.14621926910299,301,25.8,88.49007759012235,87.1848513888889,87.1848513888889,88.3408415117403,87.70603124718727
1186,86.7563186157518,419,29.0,83.69732307692308,83.69732307692308,84.42891196428572,88.3408415117403,84.96883763422241
1190,84.81441470588234,102,26.1,86.95253816525815,87.27199419354838,87.45996396103897,88.3408415117403,86.96359458297127
1194,86.04416315789474,209,34.5,91.76707998918339,88.11653803191489,87.80398769868694,88.3408415117403,87.22041658411004
1200,93.0332576754386,456,26.7,93.38258194115586,93.00243990929705,93.05487823303459,88.3408415117403,92.74370935906447
1217,89.7341801980198,202,23.3,88.58084106553551,87.13751111111111,87.13751111111111,88.3408415117403,87.3996633015764
1239,87.48824309392265,181,31.7,91.10538573254874,88.9533460591133,89.90779468954247,88.3408415117403,89.63165484547537
1244,86.73393841807909,354,28.2,87.2478866456726,85.05371034482759,86.25622857142857,88.3408415117403,85.72812564178862
1253,84.01949892473118,93,32.6,82.2523778056561,83.61403888888889,83.77710107142858,88.3408415117403,83.75229847028264
1258,88.21755291005292,378,29.6,85.99109083182105,87.1847625,88.41233788990824,88.3408415117403,88.02114400221382
1260,85.31735898203593,334,33.2,89.62475629640947,84.53486171548117,85.93920119904077,88.3408415117403,85.45853191447407
1261,85.90240952380952,63,32.3,91.79834142857142,91.79834142857143,90.32919144602852,88.3408415117403,89.7131224594372
1269,81.79219056603773,53,31.2,87.6420854460009,86.71600769230768,86.71600769230768,88.3408415117403,86.10560106273688
1283,93.22033269754768,367,24.6,90.67828472760348,90.72598293413175,90.72598293413175,88.3408415117403,90.41868912041511
1289,94.39936376404494,356,29.0,92.70085222482435,92.70085222482437,92.59832504393673,88.3408415117403,91.86995166985322
1293,91.38957016129034,372,30.7,93.41694693734293,91.96447379518071,91.56616145662848,88.3408415117403,91.09071002015992
1298,89.01995166297118,451,36.4,93.54003373617851,92.15267398373983,92.43244448645243,88.3408415117403,91.56172283663193
1308,88.29921732673269,202,28.2,90.23263937847503,90.37826629213482,88.88930030487803,88.3408415117403,88.6134975267228
1310,87.46376404494382,89,25.199999999999996,86.7081304644542,86.81658181818182,87.20172331288343,88.3408415117403,86.5081816337042
1313,90.60193041958041,286,25.5,87.64260029545146,87.64365051903114,88.73721586206895,88.3408415117403,89.07151486185053
1314,85.52727208121827,197,29.899999999999995,88.30543411523792,85.01914315352697,84.63795079617834,88.3408415117403,84.45140477256797
1322,90.07408385416666,192,27.899999999999995,85.38824277415152,81.25060625,84.50277586206897,88.3408415117403,88.00687350796694
1326,87.58102459016393,183,29.4,87.71159960179311,87.80033443223444,87.8587914,88.3408415117403,87.10632213542162
1337,89.03808732876713,292,32.5,89.57339096989966,89.57339096989966,89.82683411910669,88.3408415117403,89.2505766090292
1339,90.22354836223506,519,26.5,89.73337733887735,89.73337733887735,90.6240186567164,88.3408415117403,90.06317796103603
1352,87.55729811320755,212,30.100000000000005,88.831939996362,88.7053717299578,89.19359919724772,88.3408415117403,88.6239713108245
1354,89.9740496124031,258,25.7,89.66835548891673,89.3866561085973,89.93702363636363,88.3408415117403,90.21821260208043
1361,89.02646666666666,261,34.8,89.71037119235281,87.64218833333334,88.8684582619339,88.3408415117403,87.90877422894617
1381,89.88587613636363,352,30.9,88.94028762135923,88.94028762135922,88.11640037974682,88.3408415117403,86.90690877870668
1384,87.19064933920704,227,28.0,86.67543639549268,86.74671040268456,87.69673872340427,88.3408415117403,87.20419066135796
1385,91.86454905660378,53,22.2,90.95438070703003,90.95438070703,90.95438070703,88.3408415117403,90.67257680416873
1393,88.24531803278688,61,22.8,85.47930500916468,85.47930500916466,85.47930500916466,88.3408415117403,86.29724648174714
1394,87.58220363196126,413,28.5,84.72251091703058,84.72251091703058,85.19927654320988,88.3408415117403,85.01246803698785
1399,88.08258260869565,69,27.5,86.41141053382923,86.39609015151517,86.39609015151517,88.3408415117403,86.41797149158094
1408,84.67968745519713,279,33.1,87.68541765471782,87.60747632850243,87.80880403225807,88.3408415117403,87.11641764987039
1418,88.77758972162742,467,32.2,88.78810183957735,88.76899129554656,89.11745407407408,88.3408415117403,88.47473452454639
1420,85.60137234042554,188,28.300000000000004,84.0322458264861,83.0382911227154,83.849252614642,88.3408415117403,83.83861071435499
1431,90.02155911330048,203,22.9,88.65857728245193,86.93743333333335,86.93743333333335,88.3408415117403,88.96432311704615
1434,89.20248309859154,71,28.3,85.65296044809223,84.35125188679245,85.65470063492063,88.3408415117403,85.78423611393252
1439,87.48326524520256,469,29.0,88.13463115526804,87.54664231578948,87.9726761904762,88.3408415117403,87.81202017819326
1447,92.33959161554192,489,30.7,91.69093320503052,90.59618270833334,90.93404944237916,88.3408415117403,90.44413804578556
1485,90.10676102661597,526,33.8,91.4866943055815,91.47051469465649,91.25821942363112,88.3408415117403,90.66818261643797
1494,90.0946584,125,33.1,91.51885163259502,89.55693282442748,90.49367665245202,88.3408415117403,89.47896150083201
1518,88.54902027972028,143,24.8,87.50090582401658,87.72804210526316,90.48068548387099,88.3408415117403,88.82507637538542
1519,91.18303702702703,370,31.3,91.69829950362177,91.22386111111112,92.17533865784499,88.3408415117403,91.5881595769012
1522,88.53998320802005,399,28.100000000000005,91.37767079265271,88.40562991452991,87.47569108978752,88.3408415117403,87.0219579862256
1536,88.44355365853659,164,28.399999999999995,87.66510773421392,85.83647005076142,86.91006457765667,88.3408415117403,86.93844832354688
1594,91.99840108401085,369,35.3,89.54938882367173,92.21662164948452,91.42423611329662,88.3408415117403,90.59867881142985
1598,87.0391625,128,23.4,87.66058872093474,86.61827826086956,86.61827826086956,88.3408415117403,87.63485136339709
1611,93.25940260115607,346,26.0,105.98542223152822,95.09404452736318,93.86401655813954,88.3408415117403,93.46910339742703
1614,91.25514413793103,435,35.8,90.80458847058824,90.80458847058824,91.19464517218096,88.3408415117403,90.1814189068102
1619,89.58854914675767,293,36.7,90.13536914265691,89.07845114503816,89.4559440375587,88.3408415117403,88.89431720699645
1621,83.26659677419354,93,26.1,80.59353459498043,79.426959566787,80.78142360430951,88.3408415117403,81.0139782253331
1626,88.72524393939395,132,32.7,84.39743333455749,84.39743333455749,85.01942965452614,88.3408415117403,85.22322737299133
1644,89.1544095049505,505,26.9,90.26317528957529,90.26317528957529,90.78704896174864,88.3408415117403,90.36228277422234
1645,82.6881923076923,65,31.1,104.34748487734953,83.57446078431374,85.2392081081081,88.3408415117403,86.66552841539308
1652,81.30888490566038,53,29.3,94.31027543420446,89.06694516129033,88.83493266475644,88.3408415117403,88.51732124145809
1672,84.47228888888888,144,33.3,84.39856526456943,85.28904864864866,87.14279895068205,88.3408415117403,86.39372908210024
1684,91.05746644736841,304,23.5,90.03460079479788,85.98109056603774,85.98109056603774,88.3408415117403,88.80787993542809
1701,88.95560179372198,223,24.2,90.94109691392657,90.94109691392656,90.94109691392656,88.3408415117403,91.04657510371378
1719,93.5013779956427,459,29.3,94.73892657495043,92.68116534216335,92.15863461538461,88.3408415117403,91.64372804402709
1723,89.94481829025845,503,28.0,90.5496935266956,90.07994921348313,90.51157349643222,88.3408415117403,90.40517690684104
1728,84.1034956043956,91,28.0,83.96967287011758,86.34256923076924,86.34256923076924,88.3408415117403,85.2736390979545
1745,89.853875,276,33.9,89.75778234876189,89.18520885416666,89.27911210332103,88.3408415117403,88.47953818334868
1747,89.07877532133676,389,26.0,89.59172667154225,89.36696539440202,89.44150710059172,88.3408415117403,89.54285845174385
1754,90.26485359477124,153,23.6,90.16888156909899,90.16888156909897,90.16888156909897,88.3408415117403,90.14344817412568
1757,88.92988876404493,89,23.699999999999996,84.18708302130912,84.1870830213091,84.1870830213091,88.3408415117403,85.09849636918999
1759,85.8422309090909,55,22.5,85.29135136533603,85.29135136533603,85.14805392651172,88.3408415117403,85.92842703784203
1764,84.4188688,125,24.1,84.9328089856296,85.77603281249999,85.77603281249999,88.3408415117403,86.13239337582331
1816,85.30650497630332,422,27.7,85.96775946547884,85.96775946547884,85.92787492307693,88.3408415117403,85.76229567205132
1819,89.29920263157895,76,32.3,91.86705402622326,92.12751641791043,92.1439417218543,88.3408415117403,88.8544495418118
1836,93.06625818181817,55,26.3,86.67468746543193,86.67468746543192,87.16750116624199,88.3408415117403,87.62346357759384
1839,89.2573078313253,332,35.9,90.33496102719033,90.33496102719033,89.96554076322637,88.3408415117403,89.16841468893116
1840,89.52621016949153,59,26.8,89.6055004450001,90.42349242424243,89.64914534883721,88.3408415117403,89.92525871302566
1841,91.01417823529411,340,32.8,91.0593003915935,90.11796547619048,90.33432914979757,88.3408415117403,89.6193215030835
1847,88.022395480226,177,33.5,86.3070545112782,86.30705451127818,87.59280910256412,88.3408415117403,87.17088417125395
1852,83.13485511111112,450,24.8,85.44163722774263,85.43269573934838,85.45532089314194,88.3408415117403,85.3918653612606
1869,88.18750584415585,154,33.0,89.62800492185688,89.75738461538461,89.18270822281167,88.3408415117403,88.74006784818712
1898,87.49640792079207,101,24.5,87.62477559265605,87.62477559265605,87.60091641708873,88.3408415117403,87.98180251548582
1900,90.9637596491228,57,33.0,86.68240952826957,89.32200689655174,88.2455755319149,88.3408415117403,86.8925872594617
1902,89.144174,50,29.8,91.82723134963712,85.14358533333332,84.29612960526315,88.3408415117403,85.48095145706745
1909,87.50172500000001,172,24.7,87.57554688547036,85.25488333333334,85.25488333333334,88.3408415117403,88.44692736127986
1917,89.3802678414097,227,28.100000000000005,88.96037679476095,88.1562181494662,90.35713298059964,88.3408415117403,89.8211810409126
1918,82.41681397849463,93,30.2,86.55233509886418,83.4627,83.4627,88.3408415117403,86.71464247649402
1924,81.32924497354497,378,23.7,81.46328727810652,81.4632872781065,81.72990771349862,88.3408415117403,81.57771565315495
1935,86.98533129770992,131,32.4,84.57353200319348,84.35654545454545,84.06408050847458,88.3408415117403,84.65550009789679
1939,87.9268255319149,235,26.3,88.54007397127808,88.77559670329671,88.02547446808511,88.3408415117403,86.80484873925863
1947,87.86505251798562,278,34.6,93.22004955047153,89.95725399999999,91.02382397408208,88.3408415117403,90.09089523708546
1953,89.24120482758622,145,39.8,89.61745088330223,89.72662062780269,90.19299804287046,88.3408415117403,88.8759468257011
1965,83.0118074074074,81,24.1,86.33940530644873,86.33940530644873,86.33940530644873,88.3408415117403,86.91439767398826
1973,88.91230377358491,159,31.299999999999997,89.246522,89.246522,89.67731115569823,88.3408415117403,89.13170575423139
1977,90.96203789954339,438,31.0,92.70822869282968,91.7034550209205,91.9647685138539,88.3408415117403,91.30640451382398
1985,81.59411030927835,97,30.6,83.08889193950895,80.29995666666666,83.63549242424241,88.3408415117403,83.22680523570457
2005,91.3574858237548,261,29.0,89.54526777709286,89.144528,89.60771349292709,88.3408415117403,89.62940126654406
2007,80.30550056338029,355,24.4,78.13246994191424,71.100575,71.100575,88.3408415117403,79.48120885964562
2008,84.54998636363636,264,28.1,85.03952003471888,85.14734444444444,84.84357971014492,88.3408415117403,84.74248441954062
2017,89.48831487341772,316,23.4,86.42759094332581,89.24465245901641,89.24465245901641,88.3408415117403,87.21647144427261
2042,84.78216916890081,373,28.7,87.15158529016786,86.65183731343284,86.3492358974359,88.3408415117403,86.54918840408212
2049,86.74463698630137,73,33.0,87.68730458452721,87.68730458452723,89.02399591280654,88.3408415117403,88.50184916411865
2051,84.81041707317074,82,24.1,88.0095315397769,88.0095315397769,88.0095315397769,88.3408415117403,88.4622586799991
2062,84.93425898004435,451,34.4,86.33435510436357,86.23263781902553,86.40982204951065,88.3408415117403,85.70789614178231
2073,89.02281794019933,301,30.300000000000004,88.58132759767709,88.53817425742574,88.97167357575759,88.3408415117403,88.44439935693771
2086,90.12112915129151,271,21.6,89.20193448563272,89.086025,89.086025,88.3408415117403,89.41524440281098
2098,89.27631372549018,102,35.6,88.53132468193384,88.53132468193384,89.70269018733273,88.3408415117403,89.06295754592541
2108,86.55246769230769,195,25.5,87.74159036038219,87.74159036038219,87.74159036038219,88.3408415117403,88.11370366373255
2110,87.64877447698746,239,27.1,88.37720963401566,88.56991764705883,88.6518325,88.3408415117403,86.60982076038177
2119,85.2633987012987,231,24.3,87.56559642667068,86.56535439999998,86.56535439999998,88.3408415117403,87.93081574870591
2120,87.41902481203007,399,27.8,88.98933002290266,88.93695361596009,88.94399432176657,88.3408415117403,88.65937913955358
2127,87.35682376681615,223,24.9,84.70589684552816,84.20903088235295,85.43176465116278,88.3408415117403,85.57271758297254
2139,88.5286263888889,216,22.4,85.50759532301748,85.50759532301748,85.50759532301748,88.3408415117403,86.31402083500036
2141,89.6239593220339,354,26.599999999999998,90.47537222046728,90.60836603773583,89.94744730878188,88.3408415117403,88.79224329022557
2155,86.39665199999999,100,31.7,83.83841315988712,87.03843076923077,87.02989923076925,88.3408415117403,91.20571084383205
2158,91.56070952380952,357,23.3,87.58972271010227,85.8709117647059,85.8709117647059,88.3408415117403,87.98789802876391
2190,83.00929585253455,217,25.899999999999995,85.26734275257995,85.56961653225807,84.70848133802815,88.3408415117403,86.76349328358587
2234,86.62495714285714,119,25.4,86.93268456098541,86.93268456098541,86.93268456098541,88.3408415117403,87.50930893045984
2237,90.18612554347827,184,25.0,87.68612487526495,82.6820052631579,82.6820052631579,88.3408415117403,88.41390512674413
2259,88.50928779956426,459,27.9,86.35477166212534,86.35477166212534,88.13129620034542,88.3408415117403,88.95943931082309
2262,86.94958782894737,304,34.8,89.54050776429725,87.46365941043084,87.73073870967742,88.3408415117403,87.08358558829754
2266,87.68422933333333,75,26.8,85.9870383736308,85.66775243902438,86.06534062500002,88.3408415117403,86.61065851218972
2267,86.02224377880184,217,27.0,85.55031843003412,85.55031843003414,86.00282777777778,88.3408415117403,86.82517635318801
2269,89.0715904,375,25.9,89.21103638642523,89.30583980263157,89.41501876876876,88.3408415117403,88.81085949625523
2274,91.98484905660378,159,31.799999999999997,90.3234652631579,90.3234652631579,90.73771014492753,88.3408415117403,90.08879961009927
2279,88.80046170798897,363,26.8,90.67679869558393,90.98085276752767,91.06837151702787,88.3408415117403,89.85965306892895
2290,89.4712572072072,444,24.8,86.52016163835792,87.22025283842794,86.29581686460807,88.3408415117403,86.265225049728
2291,86.70405444126075,349,34.3,85.92714393203883,85.92714393203883,86.5334973490427,88.3408415117403,86.0399696021107
2299,87.00231352941177,340,29.5,88.51423803259152,87.03055833333333,88.1258584,88.3408415117403,87.22362942864609
2302,89.94888154425611,531,30.0,88.92196809701493,88.92196809701493,89.74776881656805,88.3408415117403,89.46976222853823
2328,90.65111636363636,220,27.0,90.35236428606905,90.39179193548387,90.54645678233437,88.3408415117403,89.36247122054195
2334,93.31442785234898,298,35.9,92.93672052373155,89.10029566326531,90.92560376420455,88.3408415117403,89.92179565953411
2336,89.12016463878327,263,40.2,88.87563576311823,89.89294548494983,91.06336957264958,88.3408415117403,90.07662735530413
2339,91.38411534772182,417,31.6,95.9642421026042,91.14702908653847,92.21296005067568,88.3408415117403,91.83726375517142
2340,89.62303382352941,340,31.9,89.9731626984127,89.9731626984127,89.84982656603773,88.3408415117403,89.23431751282234
2341,85.38888857142858,105,31.4,84.31683853039429,83.82006796116505,84.65584829482948,88.3408415117403,83.94580253867998
2342,84.78588076923076,104,27.699999999999996,86.80702102505592,86.30339000000001,86.30339000000001,88.3408415117403,85.81498256430315
2344,89.30135200000001,100,27.0,89.9152325762194,90.21486631578948,89.52238246753247,88.3408415117403,87.71205921692926
2346,85.74462554112554,231,31.5,88.87180217239406,84.95144592592591,87.3772805247225,88.3408415117403,86.639828541059
2365,88.14882529880478,502,22.9,88.09756806444214,85.8166520547945,85.8166520547945,88.3408415117403,88.2033420608464
2368,84.4011559322034,59,29.9,89.5655205022389,89.55198385964913,89.53913097345134,88.3408415117403,90.31303393812529
2381,90.1169706443914,419,30.899999999999995,89.1819096033403,89.18190960334029,91.46790078627592,88.3408415117403,91.07999037734595
2400,88.84253525179857,139,31.0,88.25064585273421,88.72494065934065,90.59568571428572,88.3408415117403,89.41871218705393
2404,89.981880625,160,24.4,90.86309086194315,90.86309086194316,90.19845656403893,88.3408415117403,90.26596247381256
2421,90.55896507936508,126,30.5,87.61602857142857,87.61602857142857,87.51217518248176,88.3408415117403,87.62795590985637
2424,89.24004294117647,170,28.0,89.94981900412654,89.75780337552742,90.942582626539,88.3408415117403,90.12843051259966
2426,90.4913637037037,135,23.4,85.44372868662549,84.3462090909091,84.3462090909091,88.3408415117403,86.73391728059069
2430,87.69017391304348,276,33.9,87.66995939044429,87.55710095238094,88.51862182680901,88.3408415117403,87.6007180480815
2448,89.69739603960396,101,29.399999999999995,86.72535157345915,86.6650144654088,88.0043901604278,88.3408415117403,87.93420409404028
2458,86.40092475570033,307,37.0,87.11131057136524,85.50584906103286,87.22922960969044,88.3408415117403,86.33585641707683
2463,89.07309710982659,173,24.699999999999996,85.65073547090812,85.54346111111111,86.76725066828675,88.3408415117403,86.73450930266824
2497,90.12669964028777,278,24.9,88.44466560218919,88.26151179245282,88.26151179245282,88.3408415117403,87.91668404201619
2500,85.87618734693878,245,32.0,85.7264030334861,85.81393031914894,86.23189737417943,88.3408415117403,86.05891060326961
2505,86.63014960000001,125,37.6,86.75463357695433,88.21357731958763,87.853436738056,88.3408415117403,87.38598069590354
2516,90.23614492385788,394,32.0,91.01029160714398,89.70435819672132,89.49011170124481,88.3408415117403,88.90288487272203
2521,88.89236887608068,347,25.4,88.7471074548969,87.74028879310346,87.36054700854702,88.3408415117403,88.80559267948587
2530,89.08840066666666,150,27.7,87.57849305200486,87.54396945812809,87.94208806306307,88.3408415117403,87.60698508125556
2541,90.73888434782609,115,28.7,86.629758998485,90.34780952380953,90.2497908462867,88.3408415117403,88.91228230730896
2546,89.62645626242545,503,29.7,93.86689672718168,90.6272474393531,90.35461020761245,88.3408415117403,90.11276077609293
2557,84.4597379310345,58,27.9,85.2243237410072,85.2243237410072,87.46235124610591,88.3408415117403,87.59884355302248
2559,89.46034722222223,288,24.1,87.94051433944901,85.88455921052632,85.88455921052632,88.3408415117403,88.26411505810434
2561,89.5181971830986,71,27.6,86.67759865650991,86.6775986565099,86.18215626012795,88.3408415117403,86.75297217875053
2562,91.22523609341826,471,29.6,89.81680099537049,89.25938980392156,90.00260589777194,88.3408415117403,89.56204270803175
2568,85.53090653061226,245,23.9,85.85755822053915,79.71494444444444,79.71494444444444,88.3408415117403,86.38900108190691
2570,86.91367903225807,62,24.6,84.6307194191864,88.02705549132948,85.86371716738199,88.3408415117403,86.94239754427721
2582,91.62571470588236,136,25.5,92.34161871587871,87.500775,87.500775,88.3408415117403,92.82161775933741
2586,89.85701162790699,172,33.2,90.16005934065933,90.16005934065933,89.83352713567838,88.3408415117403,88.65616477882868
2588,83.96186329113924,316,23.6,88.37425741383728,88.37425741383728,86.12743031232013,88.3408415117403,86.78467742253918
2591,84.14658457142858,175,32.7,86.06327146974064,86.06327146974064,86.08440822134388,88.3408415117403,85.47975816472216
2596,84.25595259938838,327,31.7,86.8378441728861,82.24582252873562,83.67918149284253,88.3408415117403,83.64315546625102
2599,88.86603623188407,69,31.800000000000004,90.29151739094716,90.29151739094715,90.29151739094715,88.3408415117403,90.02210887363765
2600,91.84362888888889,405,32.6,89.4011184659091,89.4011184659091,91.04803744120414,88.3408415117403,90.73261427792922
2611,91.0403754385965,57,25.2,86.65417062858307,86.65417062858306,86.9587911611395,88.3408415117403,89.30269315866924
2618,90.63911867881549,439,25.2,90.7878606406671,90.76928418491484,90.85803251366121,88.3408415117403,90.57670668027718
2633,87.37420162337662,308,36.0,85.03381385281386,85.03381385281388,87.93801619975638,88.3408415117403,87.44507451475147
2636,78.385538,50,29.0,85.01994384954949,83.81066904761904,83.74598668831169,88.3408415117403,85.10343439160498
2638,87.65070347222223,144,23.4,88.97014478146414,93.92066666666666,93.92066666666666,88.3408415117403,88.2415202156766
2655,92.48766501240695,403,30.3,94.37817653287522,93.03629346246973,93.00413050420167,88.3408415117403,92.35915828372774
2664,90.43774134615386,416,22.300000000000004,89.30305388386813,89.06684889589906,89.06684889589906,88.3408415117403,89.16086807317578
2680,84.51705507246378,69,33.7,80.63318780240581,88.46531121794872,90.10483544401544,88.3408415117403,89.42930282821494
2692,89.41668750000001,328,26.899999999999995,87.47351160170219,87.05065867768595,88.02384289215686,88.3408415117403,88.13891423436931
2698,88.05381540469973,383,30.6,87.88727758620689,87.88727758620689,89.58222828784118,88.3408415117403,89.10528228538564
2700,89.05055087719299,171,28.1,85.10787504332198,89.392775,89.392775,88.3408415117403,85.78704244370651
2708,85.51329393939393,396,27.0,86.05861597938144,86.05861597938144,85.75817700296736,88.3408415117403,85.72488462916466
2709,86.28129618644068,236,29.0,87.70285998742568,87.25361779661017,87.64106064209277,88.3408415117403,87.96075555245315
2725,92.50118762886598,97,43.0,90.93959298780487,90.93959298780487,92.43818639455783,88.3408415117403,90.98307948595357
2732,87.88761056910569,246,29.0,88.33042591176167,88.68282355371902,88.64810418454935,88.3408415117403,88.12749674100425
2748,86.52646219839141,373,30.4,92.43294022898941,86.84105392156863,86.49119459253617,88.3408415117403,86.1522811160922
2754,87.78173293413174,334,25.3,88.11296400344213,86.79293076923075,86.79293076923075,88.3408415117403,88.51588638026004
2768,85.03112436260623,353,31.5,84.53614707070707,84.53614707070707,85.45595367057372,88.3408415117403,85.07836591247393
2771,80.55696338028169,71,27.1,86.49428496355473,86.07578782051283,86.07578782051283,88.3408415117403,87.31846155521036
2773,86.167052,475,29.0,88.7019764102564,88.7019764102564,88.79943252305112,88.3408415117403,88.34067993167675
2791,89.20373274725274,455,27.1,89.90012658597546,89.0929005859375,89.40919277275886,88.3408415117403,88.96120455420733
2795,88.08607923076923,260,28.3,86.26369548082829,85.20107824074074,85.71919603356217,88.3408415117403,85.71170047253638
2801,88.10129433962264,318,26.700000000000003,86.50492280602882,84.81521951951952,86.21617176220806,88.3408415117403,86.96904105551798
2805,88.31393579545455,176,24.9,88.60978970722154,89.76103103448277,89.76103103448277,88.3408415117403,88.15017057436356
2811,87.15015528455285,123,23.0,85.36143730807548,81.5989756097561,81.5989756097561,88.3408415117403,86.52561898210074
2817,91.70131546391752,194,30.5,89.40369749103942,89.40369749103942,89.76679619631904,88.3408415117403,89.2783298514497
2823,82.1079984,125,28.3,82.88194876554934,84.52848301886792,84.52848301886792,88.3408415117403,84.3749220049667
2824,86.50100873015873,252,32.9,84.35370802495837,85.27644779582367,86.20937515151516,88.3408415117403,85.98896656303612
2825,89.0789320754717,106,29.600000000000005,86.82013051492113,79.2658,87.59579228395062,88.3408415117403,87.86429587360394
2844,88.97506077586208,232,32.9,89.30911925287356,89.30911925287356,89.22897986891384,88.3408415117403,88.52583849983998
2846,86.98068413361169,479,25.8,87.36069418604652,87.36069418604652,87.36069418604652,88.3408415117403,88.17800837836292
2849,88.97193095238096,210,26.1,87.3462378533684,87.23517181208054,88.72081878612717,88.3408415117403,88.0901992041053
2865,85.82903548387097,93,24.3,87.6477196411993,87.64771964119926,85.07196283229393,88.3408415117403,86.09050336541291
2867,91.285263,200,29.5,92.87888444444444,92.87888444444444,91.88924962962963,88.3408415117403,91.2438059218468
2868,84.93031692307692,65,26.5,86.57820442890198,86.63600810810811,87.31762523364486,88.3408415117403,87.72496171058758
2871,87.38196666666667,198,24.5,85.26893716942544,84.08130178571427,84.08130178571427,88.3408415117403,85.68135758245337
2912,85.26260928270041,237,32.3,92.89516079571852,84.76650420711975,87.07881415701416,88.3408415117403,86.65869673720626
2940,84.74938607594937,158,27.1,84.57193225456687,86.16671744186047,86.57701864406782,88.3408415117403,84.6171731580986
2948,88.75280241691843,331,25.800000000000004,90.60541871843763,90.62452555066079,89.63517225806451,88.3408415117403,88.93975106831239
2956,93.39110844748859,438,31.9,95.76314037971389,92.15893421686746,91.0619487244898,88.3408415117403,90.34217165828863
2957,85.99121557788945,199,28.6,87.0948755041997,85.67405231958763,85.18396996805113,88.3408415117403,84.7537594032924
2959,90.12075221238939,113,26.3,90.006275992109,90.12462952380955,90.04041863117871,88.3408415117403,89.6381111279894
2960,89.35723801652892,484,31.2,89.27635243246992,91.3831678362573,91.3831678362573,88.3408415117403,89.2230591689061
2968,83.69640503597122,139,33.5,92.30308989431686,86.27761621621622,86.06598474903474,88.3408415117403,85.71806305969571
2984,88.62028398437499,256,39.1,88.20026453488371,88.20026453488373,89.4122892454955,88.3408415117403,88.42260067466543
2987,87.77303978494623,186,25.6,87.33092720647811,86.32295323741006,86.32295323741006,88.3408415117403,86.8618627263027
3002,92.66749166666666,480,22.5,92.09541002638522,92.09541002638522,92.09541002638522,88.3408415117403,90.6607507810547
3004,87.75403687943262,141,25.9,84.40267521576585,85.32289523809524,85.32289523809524,88.3408415117403,84.57895938906472
3005,92.58863956834533,139,29.600000000000005,89.18899767277293,89.07429247311826,90.37208710601719,88.3408415117403,90.09292653669752
3019,90.90934625850339,441,28.4,90.24271240694789,90.24271240694789,89.59976098859316,88.3408415117403,89.06019838595206
3022,88.48288145695365,302,30.9,85.31330459016394,85.31330459016394,86.11151626373626,88.3408415117403,86.88547513815682
3025,82.31278992805755,139,22.9,84.22513677694026,84.22513677694026,84.22513677694026,88.3408415117403,85.17571702600141
3030,86.3700752293578,109,29.800000000000004,88.83067654609417,87.94677350427351,86.42788103448277,88.3408415117403,86.97143014777464
3043,89.56331329787234,188,23.699999999999996,88.83990279514016,88.83990279514016,88.66216971217177,88.3408415117403,88.98787987587701
3053,89.25114545454545,253,24.4,88.7468939462746,88.74689394627461,88.74689394627461,88.3408415117403,89.02787837662142
3057,92.45398493150685,146,23.6,89.46514701445149,93.290475,93.290475,88.3408415117403,89.97563747285909
3072,87.8414294736842,380,31.9,92.28944814818487,87.7728781569966,89.35402305055699,88.3408415117403,88.67695917947253
3091,80.60534225352113,71,30.699999999999996,83.45849823748131,81.27253358778626,82.84519633401221,88.3408415117403,82.34318907584404
3102,91.39153196930947,391,28.9,89.73275410840961,89.61231188811189,89.61231188811189,88.3408415117403,89.1535820474721
3103,91.90315483870967,372,25.4,86.618135564993,85.50584745762713,85.50584745762713,88.3408415117403,88.49552127817657
3120,87.37756052631579,76,33.2,89.61063648796274,86.96838550185873,88.99527745901639,88.3408415117403,88.31736705457938
3121,90.16359468438537,301,35.5,90.75038272561785,88.34517906976744,88.11068761174967,88.3408415117403,87.66626441787699
3125,89.73411925754061,431,28.9,92.54355701698722,89.56609198113208,89.57045738045738,88.3408415117403,89.18960354086646
3129,87.76690323450136,371,30.0,89.32171644417457,88.19619854014599,88.60433031784842,88.3408415117403,88.0977589533478
3139,89.98651231617647,544,30.8,92.19198674093437,87.43256234003657,88.85905767027371,88.3408415117403,88.49637797910985
3143,87.38515826771653,254,32.9,88.29701126859814,86.11686902985075,87.67136980874317,88.3408415117403,87.04155887029134
3163,92.35383271221532,483,26.2,97.80738199676657,92.26549648351649,91.24766264181523,88.3408415117403,90.95482556478653
3172,89.87125807860262,229,28.3,92.30772008325835,91.02071007371006,91.33636441025641,88.3408415117403,91.03553744384496
3180,87.58044096385542,332,24.6,90.3977817535545,90.3977817535545,91.04490661016949,88.3408415117403,91.33718946680573
3182,93.31084575892858,448,29.2,94.02239489177339,91.11302170385396,90.84618993666432,88.3408415117403,90.46734042647364
3191,84.42211296296297,54,31.9,89.12233474829107,88.37762589285714,89.71186519823789,88.3408415117403,88.89222453989797
3193,91.0585197492163,319,31.099999999999998,90.41640032362459,90.41640032362459,90.23654358706986,88.3408415117403,89.89028630072862
3211,91.33013007159906,419,30.7,95.19241478407912,92.645045480226,92.22957468805704,88.3408415117403,91.75073478376726
3219,87.50015087719298,57,32.3,83.28241357929396,82.2492641509434,86.19886,88.3408415117403,85.71902435247495
3243,85.135676340694,317,33.4,87.88848068057521,88.02478327137545,86.90876965034965,88.3408415117403,86.33036836268288
3247,89.23607886178863,246,23.6,89.38550710788809,91.11826666666666,91.11826666666666,88.3408415117403,88.61865971977645
3252,86.31134901960785,51,24.8,85.05944910021053,85.05944910021053,85.05944910021053,88.3408415117403,85.80750186178713
3260,88.28252426470588,136,26.9,89.96759462616822,89.96759462616822,89.27506632911393,88.3408415117403,88.98208631064692
3262,89.62136125,240,25.1,89.02308582337724,88.51918363636364,88.51918363636364,88.3408415117403,89.64050711646193
3266,85.70802127659574,376,25.4,86.84910059048929,89.37262142857142,89.37262142857142,88.3408415117403,86.82155955049684
3272,88.34447012987013,231,30.0,88.11128103761192,88.108048409894,87.8971179704017,88.3408415117403,87.31960423204303
3274,88.31396675126902,394,28.899999999999995,82.5196725366832,90.16182545454545,88.74125755494505,88.3408415117403,88.54528532409886
3294,84.86250339805825,206,33.7,89.01367678803308,87.34563357400722,88.39402480620156,88.3408415117403,87.99493930020684
3305,91.89251183431954,169,37.7,90.99832619778685,91.09715135135134,91.47462210767469,88.3408415117403,90.86447049271115
3316,89.60984439655172,232,28.8,90.34804959631141,88.43328947368421,88.82576455696201,88.3408415117403,89.70577379556738
3319,83.91584153846154,65,22.7,91.40849059389264,91.40849059389264,91.69253014653984,88.3408415117403,92.57194204908734
3320,86.84189641025641,195,30.5,87.72419207048458,87.72419207048459,89.14085779625779,88.3408415117403,88.35291220432366
3328,83.77739595959596,99,26.800000000000004,86.3100895526962,86.31008955269621,86.66388782629404,88.3408415117403,87.59900883232972
3329,97.64986527196653,239,31.2,95.80537469879518,95.80537469879518,95.53454973776225,88.3408415117403,94.39445230780834
3342,86.56538196721311,122,35.7,95.71862543759,90.81308470588235,89.84315459704881,88.3408415117403,88.92255812778964
3345,89.40634653465345,101,31.7,88.35094032069462,86.94774155495978,87.69088545878694,88.3408415117403,87.1607532381259
3351,93.2673862348178,247,33.6,95.05833744305582,95.09020177304964,94.82290323014804,88.3408415117403,92.88711228270974
3359,85.4865372881356,177,26.400000000000002,86.96954355587597,85.78825227272726,86.50295080645162,88.3408415117403,86.2367283868509
3360,90.25344345794393,214,28.2,87.45544428571428,87.45544428571428,85.26204201680673,88.3408415117403,87.56303186222736
3362,94.72084920913885,569,25.5,91.22293726628683,91.34680114613181,92.00799712746858,88.3408415117403,91.9288855400352
3366,88.11513253012049,249,27.2,88.18551956135272,88.39984776632302,88.94577684964199,88.3408415117403,87.87269883623524
3375,85.53996482213438,253,29.9,94.7484533138149,87.68324999999999,87.4265618522602,88.3408415117403,87.39450996811061
3381,90.90323463414634,205,34.4,88.69912540192927,88.69912540192927,90.27843384785004,88.3408415117403,89.67610366924593
3385,80.58073883495146,103,29.4,83.37201866261687,83.37201866261687,84.0199344808191,88.3408415117403,84.53006495347313
3387,89.34826944444444,72,24.4,85.91809301065891,85.91809301065892,85.91809301065892,88.3408415117403,86.41418665734233
3392,84.76201011235955,89,27.0,84.96689914285939,85.12549215686276,85.39735365853657,88.3408415117403,86.14708140750481
3395,87.45380825242718,206,28.2,87.71796399435723,87.66781156069364,88.13086373626375,88.3408415117403,87.57293237878577
3400,87.08965569620253,79,26.4,86.87258155868402,86.81239090909092,86.81239090909092,88.3408415117403,87.3734492897324
3401,89.01517900763359,262,29.1,91.05225425841044,88.77989126213592,89.03748557504873,88.3408415117403,88.8826625353751
3408,86.50327962962963,54,26.0,87.28206469041125,87.28206469041125,87.27652573927048,88.3408415117403,87.61470802790811
3423,86.30434759725401,437,28.0,87.54055744706349,89.58345151515152,89.17722236652237,88.3408415117403,89.08794264386741
3443,89.34637142857143,70,26.1,89.7173499839963,87.28561238938052,87.7463270491803,88.3408415117403,88.888765426949
3446,89.9386505643341,443,26.5,90.75330193981864,90.74847520661156,89.87098149100257,88.3408415117403,89.10217080953264
3447,85.183148,75,29.1,83.96600502438606,83.3592896825397,84.96008545454546,88.3408415117403,86.3508163081069
3478,85.7133523076923,195,29.6,86.42743304093567,86.42743304093567,86.95809405162738,88.3408415117403,86.84062871638551
3501,88.21941194029851,335,23.2,87.8026975196326,87.43102824675324,87.43102824675324,88.3408415117403,87.3646636369472
3503,87.9191004237288,236,33.2,86.92525624834069,86.96369866666667,87.4595760869565,88.3408415117403,86.89530419407812
3511,86.63884941176471,85,36.0,86.99185615141955,86.99185615141955,86.65616760869564,88.3408415117403,85.45888657923823
3515,84.76825,80,32.1,86.5564265060241,86.55642650602408,86.92645028037383,88.3408415117403,86.30319371767942
3527,87.29763170731708,246,34.7,86.61227139195879,86.55171631578949,87.03706810089021,88.3408415117403,86.2791112650144
3528,91.13673524096384,332,30.2,97.20022135198721,92.33620456852793,91.38573983739839,88.3408415117403,90.72373948852717
3533,88.35438209366392,363,31.8,87.620493400993,87.4810656084656,88.4892437815126,88.3408415117403,87.6612268528493
3539,90.9073297520661,363,26.6,90.24401331207224,92.80659237668162,91.88689282407407,88.3408415117403,91.38667464295972
3549,87.67148072519085,524,25.7,87.75973588497654,87.69242364130434,87.69242364130434,88.3408415117403,86.97916245546332
3550,86.81702315521629,393,24.4,87.68580429945231,87.42880932835821,86.95279704433497,88.3408415117403,87.07062446089206
3554,87.27628458333334,240,26.6,88.8429077413339,89.21658343195267,89.46972708333332,88.3408415117403,87.6395022381566
3558,78.12410454545454,66,23.9,81.47795085115015,81.47795085115015,82.23896867031554,88.3408415117403,83.06279740207896
3568,87.28614723127036,307,26.1,89.50010389123202,99.61268333333332,99.61268333333332,88.3408415117403,89.17540457364385
3569,85.88305128205128,156,28.1,87.49812299341383,91.8143,87.7293605504587,88.3408415117403,88.02556967076859
3570,84.4715597069597,273,26.2,84.39911264653752,84.28688947368421,84.42719745649264,88.3408415117403,84.87711424233291
3574,84.35291059907834,217,32.0,80.18655230979886,78.17701777777779,80.35033372781065,88.3408415117403,80.49571436615905
3581,90.69610428571428,70,22.2,87.98295074230941,87.98295074230941,88.09264703815018,88.3408415117403,88.88172798228523
3593,80.84491791044775,67,24.3,87.35200189306912,87.3520018930691,88.3096551416306,88.3408415117403,89.4208594163197
3603,87.87206997635934,423,28.0,89.31219094425519,89.34222022160665,90.24608834796489,88.3408415117403,89.8037764747506
3608,90.39835000000001,68,32.1,89.86031214781414,88.66497177419355,89.4534470909091,88.3408415117403,88.84323234504888
3625,86.82746288659794,97,29.0,88.04700040556561,87.52314153225807,88.175445373891,88.3408415117403,87.94925934426578
3664,87.96681955719556,271,33.8,86.5097429185515,86.51347867132867,87.49051696969697,88.3408415117403,86.96911943165202
3665,86.97337462686566,67,32.5,86.50090271814881,83.91576504854369,85.69770013774105,88.3408415117403,85.19194505413162
3689,92.68618941441441,444,24.7,95.44707808464659,91.11567655913977,92.10592466806429,88.3408415117403,91.93780904971014
3696,85.13945378486055,251,25.1,88.1753584251165,88.17535842511651,88.17535842511651,88.3408415117403,88.57346147181245
3727,91.80880967741936,124,37.6,98.03399070629087,90.68839594202899,92.8937471111111,88.3408415117403,91.84011658824171
3731,87.83037478991596,119,26.2,86.45379827970937,86.45379827970937,86.00657268775115,88.3408415117403,86.4681786949206
3733,87.65427743589744,195,33.5,88.72128652394373,88.6607913253012,89.55122878787878,88.3408415117403,88.93151389701674
3734,93.37233884057972,345,30.2,102.43726776405182,92.12131507936508,92.06350662196144,88.3408415117403,91.6368507462996
3774,87.37450298507463,201,35.2,87.72394278395262,86.67031206896553,87.40192076318742,88.3408415117403,86.71970813908567
3776,89.07057082066869,329,28.8,90.31332259868327,88.19934112426036,89.48688152524167,88.3408415117403,89.40747479773805
3788,85.27004666666667,60,25.8,84.69914427549146,85.31374713375797,85.57000365853659,88.3408415117403,86.93440395445958
3802,91.98599222222222,270,31.2,90.5613793770114,92.5572896797153,91.8337269705603,88.3408415117403,91.4135788528446
3803,90.47553823529412,238,27.3,86.92841865177635,86.92841865177637,85.840873747697,88.3408415117403,86.2792739405327
3807,91.03146293436293,259,23.1,89.74517745022375,89.30868342541436,89.30868342541436,88.3408415117403,88.66851772549084
3839,90.4881082437276,279,29.5,88.09525502677221,89.98143915343917,89.41050779220778,88.3408415117403,89.4065670513166
3846,88.80911425339366,442,25.6,87.73994352751993,84.74988550724638,84.74988550724638,88.3408415117403,87.8120614190948
3848,87.57066872246696,227,31.8,89.3074496780214,89.38190541666667,89.38190541666667,88.3408415117403,88.45752470070232
3854,87.95611814882032,551,26.2,89.37925190338773,88.9334196039604,88.29621574864237,88.3408415117403,87.76751400341372
3856,91.16545807692309,520,29.7,90.45383264741496,90.01927797468355,90.17108505034857,88.3408415117403,89.58865930549103
3871,89.53956116504855,103,32.2,94.281195,94.281195,90.07746519337017,88.3408415117403,89.530213689624
3890,89.07477852564102,312,26.3,86.52935724747154,86.57619292682926,86.331458974359,88.3408415117403,87.04250191922162
3898,91.0410768707483,147,32.5,91.43245753337396,91.82542386363636,89.81013427471119,88.3408415117403,89.32864759939324
3903,88.92090020833332,480,31.3,87.0727990825688,87.07279908256879,88.90441943874059,88.3408415117403,88.6108694418511
3909,83.43671898734176,158,28.699999999999996,83.73063009982033,83.34304057971013,83.33721813537676,88.3408415117403,83.83290834065411
3912,89.90604948979592,392,32.3,91.16232864022984,90.09175697399529,90.21682913752915,88.3408415117403,89.6182700208175
3916,89.69211999999999,75,36.1,90.03064386078572,89.68463301886791,89.37305894134478,88.3408415117403,88.55585730259921
3921,86.01028070175438,285,33.2,87.8643475862069,87.86434758620689,88.1219497129736,88.3408415117403,87.41542405535024
3934,87.24983411214953,214,27.9,86.93907915481701,86.1118797979798,86.31870253164554,88.3408415117403,86.7713014862401
3948,88.93053493975904,249,23.9,87.00603032856071,87.00603032856073,87.00603032856073,88.3408415117403,87.51574808912021
3959,86.33769150326798,153,32.5,86.43473255986187,87.10067175141243,87.08793422562141,88.3408415117403,86.26226723229583
3963,90.37422840909092,528,23.0,89.70352026143792,89.70352026143792,89.70352026143792,88.3408415117403,88.95954896382513
3980,84.67355892857142,56,22.8,84.52338765860742,84.52338765860742,84.52338765860742,88.3408415117403,85.41149278615043
3985,92.1136909975669,411,22.0,93.01658818592108,92.42760731707315,92.42760731707315,88.3408415117403,91.99802314940953
3996,81.33667249999999,80,29.1,79.91573656530048,80.5181785,82.49341444444444,88.3408415117403,82.24722914726165
3999,84.08773636363637,110,29.4,90.39879523096798,87.25738753709199,86.48784534883721,88.3408415117403,86.17568994207464
4010,89.41511388012619,317,21.1,91.68723173606097,91.68723173606097,91.68723173606097,88.3408415117403,91.7849972499141
4034,90.10963542857142,175,30.6,95.39720257167288,90.6062783216783,90.79458862876255,88.3408415117403,89.67650906812113
4039,88.04151739130434,115,34.1,87.80503000299706,87.59779367088608,87.34944141531322,88.3408415117403,86.7413891244339
4059,91.70733669724771,436,24.5,91.23109548535514,93.6989784194529,93.04788913649024,88.3408415117403,93.0244634825039
4067,87.61585112781955,133,22.5,86.00268209572819,106.7166,106.7166,88.3408415117403,86.7114980230975
4073,87.00227034220532,263,28.8,87.84570411348486,87.70778618181818,87.27880518518518,88.3408415117403,87.13238900848827
4083,85.34430052724078,569,25.8,84.55710283018867,84.55710283018868,84.55710283018868,88.3408415117403,84.79074893828444
4085,82.122153515625,256,24.7,81.73336092728384,81.27176900826444,81.27176900826444,88.3408415117403,83.36316034199669
4097,88.60837129186604,209,25.6,92.86215338737034,89.21904311926605,90.33804223826715,88.3408415117403,90.56163897405632
4098,87.17504437086092,151,24.1,86.35166213748438,86.52532234636871,87.132994092827,88.3408415117403,86.5573357842617
4099,91.73505446224257,437,23.8,90.57620150351029,90.5015748091603,90.5015748091603,88.3408415117403,90.22730600426716
4113,93.38586338028169,71,32.1,93.70032617181255,91.88321166666668,91.25699795180722,88.3408415117403,90.39896921282238
4119,90.83033708333333,240,24.0,88.04522465761042,86.32838684210526,86.98853623188407,88.3408415117403,88.03489514173373
