season,batter_id,age,exit_velo_pred,lower_95,upper_95,pred_std,has_history
2024,2.0,25.4,89.0779976227734,86.62546160428758,91.53026027477706,1.2494559137235093,True
2024,6.0,29.2,87.91618852748307,86.57429608463477,89.27369320500604,0.6978111823485972,True
2024,9.0,22.3,87.478443230064,85.16825239816568,89.846757439723,1.2134024272907855,True
2024,11.0,26.8,87.32039626749021,85.81922012888002,88.79498241364132,0.7716430784447396,True
2024,12.0,34.8,88.317113671313,87.05505202884667,89.60945942467178,0.6486102780052859,True
2024,19.0,28.5,87.8509742365651,86.34153152303452,89.37573455304108,0.7744264585634582,True
2024,31.0,28.3,86.17606214539383,84.68124349578306,87.67525207162862,0.7594589720358935,True
2024,35.0,30.4,87.17473966903036,85.95228424498131,88.35055723656477,0.6094744186704436,True
2024,42.0,26.6,88.67755452374327,87.25322424155523,90.08022967382739,0.7230325857316293,True
2024,44.0,26.9,88.80628003160345,87.18947895718762,90.44453482563604,0.8381629005338139,True
2024,45.0,26.6,89.47646254674305,87.88684837076995,91.08855625990086,0.8088881554045663,True
2024,49.0,28.0,86.5598295713453,85.09943847378064,88.05017593268403,0.7534887141222862,True
2024,52.0,25.3,86.28638318499418,84.58586365450624,88.00735101805965,0.8772062856707359,True
2024,53.0,31.6,86.41664133165918,85.0302189544319,87.80835927393663,0.7047496837298011,True
2024,61.0,26.4,85.47816452744625,84.03896785136176,86.87229100364901,0.7171440342322226,True
2024,62.0,31.2,87.34566704948487,86.02765575080863,88.65839009129662,0.6705209646354494,True
2024,77.0,29.0,87.60582746284793,86.27851864226162,88.95901433025266,0.6806552346782194,True
2024,79.0,28.9,83.89276903618509,82.43475982195993,85.30363032745564,0.7298343578694801,True
2024,88.0,31.1,81.05468357687609,79.17501607357916,82.9859738232486,0.965923598659857,True
2024,94.0,26.0,88.78558340911516,87.35907565443725,90.25555425475946,0.7445306334224393,True
2024,101.0,21.8,90.49807543984933,87.86027661669358,93.19334581797912,1.3532438756426772,True
2024,114.0,29.3,84.42120654989668,83.02913356784798,85.81278515428609,0.7123676159930118,True
2024,117.0,29.7,89.49568290403982,88.26756168634307,90.70852937935848,0.6205138030726592,True
2024,121.0,27.9,84.37191626282365,82.879773385469,85.85861386284664,0.7586667387824795,True
2024,131.0,31.3,88.40280290099753,87.1541664633018,89.66352569915392,0.6498422323919972,True
2024,133.0,22.2,88.66112304804587,86.44724313777952,90.86113056139513,1.1282399807554093,True
2024,144.0,25.2,87.18252466922682,85.18063298618452,89.16392206149668,1.0076157955955107,True
2024,145.0,28.4,87.47774781222772,86.10534680016912,88.82267915575612,0.6843586624705942,True
2024,150.0,24.2,86.09495102170284,83.87067583959256,88.35740403865017,1.1441981927081932,True
2024,153.0,28.3,87.35853258264632,85.88549687702587,88.83471665580015,0.7567898399863603,True
2024,166.0,25.9,87.36294099341364,86.1256890110537,88.6339517396388,0.6425607620144383,True
2024,175.0,29.7,90.9359445725492,89.43801259425457,92.41021677848182,0.7541164012886049,True
2024,176.0,30.9,90.5042962275246,89.17472219737805,91.86302848465081,0.685597161017331,True
2024,177.0,29.0,87.95839720398187,86.68512941927578,89.15955788163795,0.6303043410517143,True
2024,190.0,32.4,89.0104572875429,87.7532178263203,90.30057691149023,0.6459813252494064,True
2024,201.0,24.6,87.16534640618536,85.6577271148143,88.6573317195133,0.7716660459168804,True
2024,206.0,22.4,86.5531624633092,84.09521325785273,89.00719592140561,1.246359705672194,True
2024,228.0,27.4,86.55508541524081,84.88534165712927,88.24820004044074,0.8505347754691005,True
2024,232.0,32.2,86.56017167010323,85.42460035990355,87.70917284614316,0.5888188559615951,True
2024,235.0,33.8,87.62330300066249,86.47917294354895,88.75296454182397,0.5747468085109941,True
2024,241.0,32.9,86.96910357788511,85.74240332980439,88.18507105466638,0.6234019658955394,True
2024,260.0,33.3,89.1348461600712,87.76976430256101,90.50620586770738,0.700229427533849,True
2024,265.0,25.3,92.52325142685491,91.33186709861226,93.72237517548125,0.6053818132900857,True
2024,270.0,29.3,87.04758749132691,85.54467224768509,88.57643857022084,0.7737204004471969,True
2024,281.0,25.1,78.54042598838413,75.86641141001517,81.24895817559054,1.3820474304477885,True
2024,287.0,22.3,85.723697156037,83.89047260393181,87.50201085086111,0.9302675137183265,True
2024,288.0,26.5,83.19277430575775,77.70223177231695,88.83311761092821,2.8884898964154146,True
2024,289.0,25.3,85.4076987575569,83.69206128998384,87.05275166927541,0.8565267158471979,True
2024,290.0,27.5,87.26788614909745,85.83505711608035,88.68630618403893,0.7369189518938108,True
2024,292.0,33.9,86.80318680170562,85.5871689528982,88.00785709416017,0.6250926505752209,True
2024,294.0,27.1,86.97868609966271,85.05164650268358,88.91601654994703,0.9803947013989488,True
2024,296.0,35.4,87.43512062875931,86.20913169953624,88.64432882878977,0.6171510429149374,True
2024,310.0,29.0,85.15637156711044,83.80718353573955,86.50171388568411,0.6847596396443832,True
2024,311.0,27.3,83.61363330358363,81.9253193154442,85.34910891925342,0.8815259973086301,True
2024,314.0,28.6,88.27471790962637,87.07675252262952,89.45931473834567,0.6097990527513973,True
2024,323.0,27.4,90.9334196789794,89.66368689557132,92.17305042776965,0.6389263304886296,True
2024,329.0,27.6,85.41438975439547,84.08522965849534,86.73212300390746,0.6759878991842732,True
2024,355.0,30.4,89.10896222276384,87.94141792659876,90.29382170832866,0.5938125084345081,True
2024,357.0,23.5,86.32338587183754,84.37709928870564,88.21806997089074,0.9796049190712246,True
2024,360.0,26.1,86.9109926083351,85.46787116430474,88.30097041097684,0.7247546058517579,True
2024,361.0,26.1,89.63862941567288,88.02365265438118,91.19673431487357,0.8027549681791032,True
2024,362.0,30.8,87.27488702876505,85.86253115288541,88.7189392942603,0.7359387929852911,True
2024,364.0,31.3,88.63972864006999,87.34626232997117,89.92646462298613,0.6521468565125023,True
2024,367.0,28.2,87.39654719617612,86.01138064584063,88.81068412701705,0.7079488103502639,True
2024,375.0,31.7,88.59049478532704,87.42634564519865,89.8119874554892,0.6204296480313347,True
2024,380.0,22.2,86.816829770793,84.1849429005453,89.55407263377326,1.3577881603454436,True
2024,381.0,30.9,88.87734098002905,87.62621596793403,90.16919805546748,0.642478020146028,True
2024,383.0,29.6,89.96839462341066,88.69651924835921,91.23033698103306,0.6458717440984618,True
2024,387.0,25.0,82.32580863415514,80.303392247762,84.30168885804355,1.0285932236013609,True
2024,390.0,23.9,86.19843827903212,78.87444194613182,93.74455377980883,3.801050693808902,False
2024,401.0,29.8,85.65703751033388,84.31746797706236,87.01979966228471,0.6882898978977271,True
2024,403.0,35.0,82.91781020198071,81.40121257446664,84.40989887175162,0.7717667428604741,True
2024,407.0,35.8,88.25270793527385,86.96862638108452,89.5494808239532,0.6611656184168492,True
2024,412.0,22.9,86.92050742973653,84.98689005716452,88.82473748945738,0.9596446239819769,True
2024,414.0,26.7,89.22726950170082,87.61393643363417,90.84877008153633,0.8158819825747092,True
2024,415.0,27.7,89.18985823996137,87.69006815931671,90.6414511850106,0.7587837150500599,True
2024,419.0,24.1,86.43289418418588,85.1754640628757,87.70989211929016,0.6402268847123063,True
2024,420.0,36.0,89.39362545227725,88.23341224515772,90.54726601377742,0.5903772926654923,True
2024,425.0,26.1,86.55144562794554,84.52837633628226,88.55551256641535,1.023865198077222,True
2024,430.0,22.6,90.88752573698343,88.8127056244864,92.91943077831966,1.0484507038871091,True
2024,449.0,31.5,82.949871961696,81.48356125811648,84.43296985362309,0.7555161668742224,True
2024,450.0,26.6,88.96534436155406,87.44313218297087,90.49976219179004,0.7745625526317966,True
2024,478.0,25.8,87.56478471771128,85.66332070837686,89.5616580219221,0.9929976810600027,True
2024,479.0,26.4,87.56384063441962,86.06303169142005,89.10995062985427,0.7806303644816436,True
2024,482.0,26.6,86.84884950069709,85.33841789983559,88.391188595088,0.7814692498005078,True
2024,483.0,25.4,89.19422636097141,86.51312557180876,91.96680121417991,1.386237268212355,True
2024,490.0,27.8,87.42717653923695,86.00983616234473,88.83683012555086,0.7268516250711408,True
2024,513.0,26.4,87.70138707224847,85.88774997579928,89.57266533573183,0.9399278830405329,True
2024,526.0,24.8,88.86694241111621,86.75310737694807,91.00656037374475,1.0772453663425312,True
2024,537.0,31.4,89.51239828762874,88.33965346587287,90.72380449125943,0.6143978161741265,True
2024,542.0,27.5,88.12885451312452,86.92615064196166,89.31334702190452,0.6124450726472553,True
2024,543.0,23.7,85.646120958442,83.9904022424085,87.33121249201189,0.8535345036497324,True
2024,544.0,29.3,90.1826082724948,88.93583551073236,91.44028177806331,0.6454705505791362,True
2024,547.0,31.9,83.4460089691407,81.8547034349101,85.03973202490067,0.8170680322095376,True
2024,552.0,25.5,90.13345695372755,88.45153011343271,91.83746865007127,0.866822219375489,True
2024,553.0,25.0,89.76346897082739,88.08682863963999,91.41033716795926,0.8436057934591902,True
2024,556.0,29.7,89.68540930799375,88.33640653754298,91.00259065995562,0.6752972232918086,True
2024,559.0,23.3,87.17975941427291,85.25162883446413,89.0712484858961,0.9817197274796898,True
2024,570.0,31.2,90.19114100234646,88.8148733145349,91.5404724722917,0.6865912043145471,True
2024,571.0,27.7,86.29428046289162,84.18594298496278,88.3941771730977,1.068116778894968,True
2024,580.0,24.7,85.4936920882691,83.33835776485982,87.57737907653487,1.0773053582146235,True
2024,583.0,28.1,89.34864218962272,87.85482231019301,90.8450603896182,0.7515855065232587,True
2024,593.0,33.5,89.92881889743657,88.57160971692022,91.31182477551307,0.696105578336711,True
2024,615.0,25.9,88.34910415323816,86.69763862591937,90.01710855925053,0.8482462822878716,True
2024,617.0,37.4,87.27302423635648,86.02192603298481,88.50434602923582,0.6478301071001319,True
2024,622.0,27.1,86.70589418428511,85.42588333617711,87.98529888830461,0.6532032721220219,True
2024,638.0,26.7,90.18453095366986,88.49871532169324,91.87930562810821,0.8612873603233414,True
2024,640.0,26.5,89.67144274504328,88.24861543509628,91.08068092608562,0.7317952397769976,True
2024,652.0,31.9,86.99623931693739,85.55087218605856,88.48227554617662,0.7440080707116196,True
2024,656.0,23.2,88.9327932587467,86.12041551000151,91.83714976583525,1.4593303829118678,True
2024,658.0,28.4,85.45186059218996,84.08272334470173,86.8286770385247,0.6952975300226305,True
2024,664.0,22.5,90.1158504480815,87.99143195393813,92.24576134401082,1.0875197815633582,True
2024,671.0,25.1,87.00611646552116,84.90401108862945,89.1380927846208,1.0898895435103173,True
2024,673.0,25.6,87.06917395699368,84.41516659889673,89.68502691284185,1.3529762869080348,True
2024,685.0,28.3,85.48971239053196,83.84835329585198,87.11777330051461,0.8268310675092693,True
2024,692.0,24.0,89.0793438014277,86.65258852037796,91.56409364098761,1.2750993735023535,True
2024,704.0,27.3,84.47723246721077,83.1731853416577,85.7672929078922,0.6592616388531262,True
2024,718.0,27.1,87.35334822951472,86.00792829372747,88.68764598824754,0.6834687524508747,True
2024,729.0,31.6,89.23433117297168,87.96346763022896,90.50532224582018,0.6452044946946535,True
2024,730.0,27.3,87.79227157684295,86.14744230979757,89.42866259226966,0.8527490598639006,True
2024,738.0,25.6,88.14729759745973,86.61333034270528,89.69348607756795,0.7782202943890725,True
2024,748.0,25.3,87.0417065499618,84.91077908267779,89.1655131606065,1.1030327404078948,True
2024,754.0,23.4,88.36502448953482,86.10498579766275,90.6184824519091,1.1578847171043778,True
2024,758.0,39.6,88.80188472862275,87.60582936137989,89.99385906552544,0.6135338008579967,True
2024,759.0,28.3,89.2518116449183,87.6643833229363,90.77438696047169,0.8038746965980077,True
2024,769.0,26.3,91.05230683739197,89.82699889979368,92.29596845621951,0.6322631116499555,True
2024,772.0,30.9,89.28671831257785,87.96285127613278,90.64463296109754,0.685284602001199,True
2024,779.0,29.8,89.37799656323101,88.11694398177498,90.65182082742407,0.6431627645245528,True
2024,782.0,26.8,86.08381599472442,83.99548911113834,88.11137375463635,1.057176573709713,True
2024,783.0,30.3,88.58143612642858,87.45555750278987,89.70884748563319,0.5808711676796635,True
2024,786.0,31.6,88.30618467739778,86.95558474613838,89.63110854214517,0.6847836007133478,True
2024,792.0,25.0,88.57325089898316,86.70623860340658,90.44377334966352,0.9649756748685578,True
2024,808.0,28.3,86.3522862171841,85.05262316868902,87.68056375423707,0.6761341297578971,True
2024,814.0,32.0,88.58756448038345,87.15671678745454,90.05537218086401,0.7336594167816095,True
2024,825.0,29.3,89.6770779646156,88.50197226951894,90.89566913948524,0.6137068263675532,True
2024,831.0,27.4,85.15306969495573,82.58951966231463,87.63870407436437,1.2661099151211954,True
2024,832.0,33.6,87.2169468878749,85.88358832078873,88.566444805225,0.6898289295449859,True
2024,833.0,30.4,86.17354146615092,84.84055053517979,87.49602721133807,0.6729507520535175,True
2024,838.0,29.5,90.52556747778301,89.28674887540737,91.73759588852641,0.6256441221431878,True
2024,839.0,28.7,88.29771044692727,86.89554293153334,89.67166377507309,0.713919326842406,True
2024,842.0,29.9,87.26170584239297,85.83486302264116,88.71019602934089,0.7349534294499053,True
2024,843.0,27.5,89.1227967765209,87.9619455173425,90.28340276474567,0.6033655817536971,True
2024,851.0,25.8,86.0253602699811,84.50184139410175,87.52083964958376,0.7656259889258662,True
2024,855.0,29.3,84.09247993292111,82.5564777147631,85.60707447411768,0.7745008081547579,True
2024,857.0,33.3,89.0686109358382,87.81692525725202,90.29426633300531,0.6169277414448229,True
2024,859.0,38.2,88.84503929455198,87.64013507866053,90.05122438848959,0.6090052462668976,True
2024,870.0,26.4,89.02011538245804,87.52809088165668,90.37873076462482,0.7182830112004489,True
2024,878.0,29.7,86.21225357735513,84.93572280776083,87.4716041093589,0.6418926107143033,True
2024,880.0,37.9,85.29463084696751,83.89688917789867,86.69226262399145,0.717290244854572,True
2024,881.0,28.4,86.17932033058567,84.72566964764222,87.6517314990087,0.7522560090002193,True
2024,885.0,32.9,91.29658317830992,89.94316430083654,92.64748074634421,0.702657383801539,True
2024,888.0,29.0,86.42872894698762,85.01017149809682,87.9374485557467,0.742065117285348,True
2024,891.0,27.8,83.303358841907,80.97301022489047,85.5613333817271,1.1521630102110798,True
2024,898.0,25.0,87.55150098280707,85.6052899685899,89.47169358774026,0.9838952112239377,True
2024,911.0,24.2,85.05167347607107,83.12731860160672,86.9682971039851,0.9775393167192411,True
2024,929.0,33.8,85.78444718549584,84.39857706578306,87.14229672799384,0.68523882918003,True
2024,947.0,35.5,85.60554645474043,84.29652529567622,86.97600027362125,0.6787440929158121,True
2024,950.0,23.8,90.15770319185282,88.62150313464757,91.7302369212489,0.8005908950537748,True
2024,958.0,27.0,90.64206624756451,88.79013301732766,92.49342192916612,0.9484039873274415,True
2024,966.0,25.9,86.17398825176987,78.403131820994,93.75782060977161,3.9137361418929113,False
2024,970.0,20.3,90.75139278326753,88.53764451711923,93.00426704521483,1.1256396542402483,True
2024,974.0,22.6,89.76664244058273,87.6255697090367,91.88858866858077,1.1118062238367834,True
2024,991.0,22.1,85.96594304217612,83.39605876255716,88.51610855792818,1.316176190531947,True
2024,1010.0,34.1,90.6241538159218,89.26217388072331,91.98677342735878,0.6995504616135942,True
2024,1016.0,28.2,90.69376759240312,89.11676105605638,92.33888478787449,0.8264464520002609,True
2024,1040.0,27.5,87.17013148526989,85.64940354936543,88.68954339074828,0.7839476942503277,True
2024,1050.0,27.4,89.6119584706102,88.40528197360385,90.83707302091155,0.6291365109938708,True
2024,1058.0,30.1,85.83207988497178,84.49087519750842,87.1841315633253,0.6956802040727657,True
2024,1059.0,29.8,85.76752189420685,84.39874142220322,87.18546623087167,0.6950229114860983,True
2024,1065.0,22.7,88.6754810806508,86.03340837973083,91.2750887967336,1.335722025577342,True
2024,1068.0,21.8,86.68540495780864,84.29779167654254,89.08555787424572,1.219890917072952,True
2024,1074.0,25.8,88.86790049804499,86.77836015200361,90.90572056637481,1.0475101862658873,True
2024,1082.0,23.6,85.27122261140661,83.08035543374653,87.44923756143697,1.1062690228524623,True
2024,1086.0,23.2,87.18655947879795,85.35649200717371,89.03478878546241,0.9314984500942012,True
2024,1087.0,28.6,88.0007471795864,86.56752222941738,89.41519155028809,0.7241934300282206,True
2024,1091.0,25.8,90.87900475586667,89.01354608434173,92.70223516244397,0.9453285324792907,True
2024,1093.0,23.8,86.44444250711113,83.08182552659679,89.66946868630666,1.6831450361700462,True
2024,1097.0,35.6,85.42719811897999,83.8155925308559,87.02385808035771,0.8223552961886852,True
2024,1109.0,31.3,89.83718088184006,88.472933760417,91.17501922855114,0.6844923733123336,True
2024,1113.0,25.1,90.68812027505052,88.89624565003156,92.47083582329188,0.9116420008682563,True
2024,1126.0,24.6,86.74286169774085,84.57189325581311,88.86739606646019,1.0707861681099793,True
2024,1133.0,29.2,88.281163155613,86.85528992015318,89.67850751361249,0.7198294283512543,True
2024,1143.0,26.8,87.15307943428641,85.6825974695376,88.62736692756258,0.7448515679574432,True
2024,1151.0,33.6,87.03384583566749,85.52872290718263,88.52698457719723,0.7643184511238454,True
2024,1153.0,25.5,87.28806685950039,84.67950240693023,89.97860286847605,1.3528151799411732,True
2024,1171.0,22.3,86.11121980766383,78.49412338847021,93.57249107868046,3.8454079146556284,False
2024,1173.0,27.1,85.63387868922662,84.0657207898567,87.1718347875923,0.7964433509630641,True
2024,1184.0,26.8,88.42440678943602,86.93535012659396,89.93247841117098,0.7608762147080066,True
2024,1186.0,30.0,85.33498394115682,84.09209006597688,86.56164549799182,0.6298393864531917,True
2024,1190.0,27.1,86.79722389645448,85.46252359245072,88.05985006992078,0.6570699484337125,True
2024,1200.0,27.7,92.75618601292648,91.5777450207192,93.923371747332,0.6006607380407951,True
2024,1204.0,21.2,85.06011726682215,80.33475925152472,89.76682966722198,2.417257006739882,True
2024,1206.0,27.4,84.015464570649,82.29192764083342,85.8608030537065,0.8951106429074617,True
2024,1208.0,26.8,86.08144194868731,84.40846845952552,87.82211676592051,0.8786701255331076,True
2024,1217.0,24.3,88.29084622095182,86.53670324602672,90.0332208650374,0.8967617097665816,True
2024,1239.0,32.7,88.98219557468542,87.75810557544284,90.127428112085,0.6042483629765972,True
2024,1244.0,29.2,85.9186839595161,84.54441626073105,87.28037061788147,0.7032093055943046,True
2024,1253.0,33.6,83.53697877105229,81.88371734709949,85.16859192804216,0.838122594914297,True
2024,1258.0,30.6,87.91805421313383,86.68671191129425,89.1546680733961,0.6325994403715054,True
2024,1260.0,34.2,85.01089787925578,83.78126976245973,86.27882514136549,0.6253948183510353,True
2024,1283.0,25.6,91.40651557866522,89.93967853473568,92.88007221490143,0.7482267670042891,True
2024,1284.0,25.0,84.942074785551,83.03590962665837,86.81744152725231,0.9631031558257548,True
2024,1289.0,30.0,92.26343981058973,91.03485628280056,93.50963029836102,0.6410197387177184,True
2024,1293.0,31.7,90.95180258627992,89.66892753046442,92.22376830555967,0.6436602871719093,True
2024,1298.0,37.4,90.57903501583043,89.38925684369853,91.82455373588671,0.6175287917107856,True
2024,1308.0,29.2,88.4249504612201,87.05257846713444,89.84970338344996,0.715490430591754,True
2024,1313.0,26.5,89.46534047743837,88.04052122638461,90.88478294732921,0.7202330925983008,True
2024,1314.0,30.9,84.44175798854548,83.18177636601669,85.70012550891276,0.6446206956200121,True
2024,1322.0,28.9,88.38792700077322,86.93599265400576,89.84051660163463,0.7487751680353868,True
2024,1326.0,30.4,87.10166653418689,85.72040027699943,88.46319040500518,0.6955701674720233,True
2024,1337.0,33.5,88.90859429178681,87.5790182266953,90.24504740499712,0.678016622434403,True
2024,1339.0,27.5,90.10783592792421,88.92895589113023,91.27904964295686,0.5988369914474558,True
2024,1352.0,31.1,88.26382021702523,86.96294586400252,89.54297759406015,0.6610814956878558,True
2024,1354.0,26.7,90.19009186538382,88.82642090011402,91.55301909378602,0.6971992047452502,True
2024,1355.0,28.0,83.45513972192396,81.95314026127303,84.94307029456256,0.7629374863420191,True
2024,1362.0,24.3,88.60187547176557,86.63476015914249,90.5771733317789,1.0148255549488703,True
2024,1364.0,27.1,87.02987450016253,85.37364067351604,88.66068534864046,0.8420536409181265,True
2024,1373.0,25.8,87.86470138380422,85.75390573206764,89.94452636837475,1.0642942137267704,True
2024,1375.0,21.8,86.04588915226607,78.58161340260953,93.46021513212035,3.8363382294491135,False
2024,1377.0,26.8,81.36835002232587,79.60985680554454,83.10367094839289,0.8943092862003028,True
2024,1381.0,31.9,87.50961317615128,86.10701637687133,88.86990020149474,0.7020308168623018,True
2024,1384.0,29.0,87.04124806800787,85.72405729281311,88.31936778122585,0.6635752645218227,True
2024,1394.0,29.5,85.43387030907046,84.25812675803733,86.62332157553978,0.6105537095723093,True
2024,1399.0,28.5,86.70699658412562,85.1562591109602,88.22533650865306,0.7915878120501674,True
2024,1408.0,34.1,86.27421854785095,84.90181473622002,87.64702418926133,0.7063101958168916,True
2024,1418.0,33.2,88.28165688291908,87.10562656436643,89.43562623009508,0.5897819333012317,True
2024,1420.0,29.3,84.10379606489323,82.85750141892119,85.38148211050961,0.6420450337517748,True
2024,1434.0,29.3,86.52275748595125,85.05099170993319,87.99241919847628,0.7512890317404242,True
2024,1439.0,30.0,87.63644649729846,86.41692221058584,88.84700949932449,0.6229740450857475,True
2024,1442.0,29.8,87.08384202557507,85.66247376964648,88.46933637818763,0.7261528766523474,True
2024,1447.0,31.7,90.63754223917825,89.51483352456283,91.726020583628,0.5706485679924325,True
2024,1460.0,25.7,87.3097132573251,85.76509422379496,88.89656752390263,0.7950339935089648,True
2024,1470.0,29.6,88.56188382630656,87.17908857327436,89.98694922361717,0.7140128924293911,True
2024,1481.0,23.0,87.40253533222926,85.33333218221706,89.45974860262055,1.0563623158427413,True
2024,1485.0,34.8,90.20284192882602,89.06499333123321,91.3544069069468,0.5920561946639296,True
2024,1486.0,29.0,88.41443223964693,86.99383407462555,89.83256951738194,0.72332754017585,True
2024,1494.0,34.1,89.25342601782198,88.01450752010015,90.5121254365599,0.6375701763102543,True
2024,1518.0,25.8,88.75225425561413,87.15606848394216,90.40807858718964,0.8276318212729742,True
2024,1519.0,32.3,91.24830513454981,89.93394436050589,92.55771372746386,0.6662357966272509,True
2024,1522.0,29.1,87.25800127845733,86.08099100329525,88.37290939360128,0.5876639828232895,True
2024,1525.0,27.1,85.81703306158448,84.45173413382102,87.13661212752781,0.6890017667205262,True
2024,1526.0,26.5,90.42435587994433,88.7681792917988,92.1182337233816,0.8450688083773057,True
2024,1531.0,27.1,84.66053008026894,82.94915232698848,86.30350326655586,0.8593076129843648,True
2024,1536.0,29.4,87.19768657264443,85.70496908418514,88.73482248718696,0.7701325352411214,True
2024,1538.0,28.1,87.49976466920202,85.71968093883916,89.26657788173134,0.900289605355859,True
2024,1556.0,22.6,86.36340134485988,83.95755778899466,88.80955817492779,1.2425265878558331,True
2024,1564.0,31.0,88.372404765117,85.96625308405241,90.8270948467277,1.239361761060939,True
2024,1570.0,27.4,86.97977591765641,85.61479720369961,88.3829954166841,0.7050569852597357,True
2024,1592.0,26.3,87.89830451282747,85.70593134771183,90.07929629836944,1.0992874270337176,True
2024,1594.0,36.3,90.46407277135097,89.25615683148176,91.69516132697552,0.6342603254373521,True
2024,1595.0,25.0,84.3217931180733,82.1410655912785,86.51186953205749,1.1196773682889842,True
2024,1598.0,24.4,87.69712083716334,86.08216959354809,89.3229283883634,0.8350125386903534,True
2024,1611.0,27.0,93.38035789710015,92.06277913641759,94.63984697774636,0.6592890773986949,True
2024,1614.0,36.8,89.92830247287647,88.73722024533257,91.09626279225465,0.6032112188348275,True
2024,1618.0,28.6,84.34706246255794,82.93502553179194,85.76036199521849,0.7280657198081951,True
2024,1619.0,37.7,88.49283123183615,87.2386277727349,89.74128087943002,0.6343795614502413,True
2024,1621.0,27.1,81.30672167419442,79.88120594277859,82.7654551783105,0.7370292200966054,True
2024,1644.0,27.9,90.06616298656323,88.86824261814488,91.27795523088338,0.6179973246737946,True
2024,1646.0,24.1,86.70664663479718,84.94584557015243,88.45751347353085,0.8993168969375299,True
2024,1667.0,26.7,84.72625443666648,81.89275181213515,87.49915968249849,1.4190430121663622,True
2024,1672.0,34.3,85.74348608380367,84.33138813540936,87.15650316117383,0.7226488299584625,True
2024,1684.0,24.5,89.6712972595282,88.05332312818213,91.28131581716762,0.8267560458267785,True
2024,1687.0,26.0,85.37070350348489,83.64428418401502,87.12999388650026,0.8909210073676689,True
2024,1689.0,25.8,87.50317628109659,85.8024789639888,89.19854653984264,0.8665820514147567,True
2024,1701.0,25.2,90.13673354655609,88.2915803474018,92.00349911675674,0.9634299722234129,True
2024,1719.0,30.3,91.87763415638759,90.64645607600812,93.07540979140602,0.6206286364089634,True
2024,1723.0,29.0,90.22851088575844,88.94935974276223,91.45466961945284,0.6417825928542856,True
2024,1728.0,29.0,85.23773055845996,83.8459553175316,86.666512620456,0.7161934722875969,True
2024,1729.0,24.0,87.0015032554537,84.45281427456445,89.52878497943647,1.3108557682514357,True
2024,1745.0,34.9,88.42672832576636,87.20184377168786,89.66131826744844,0.6235152853999973,True
2024,1746.0,25.7,89.08263684816247,86.71785533302202,91.50131564991335,1.2092564661947602,True
2024,1747.0,27.0,89.46399318559901,88.25203312736565,90.71307745047135,0.6319989103557685,True
2024,1754.0,24.6,90.00367972371838,87.96812968141569,92.00186501223713,1.031326563133712,True
2024,1757.0,24.7,85.97554067282577,84.0813949672251,87.904402798559,0.9714755357003503,True
2024,1759.0,23.5,85.78163140643584,84.24050719501359,87.36878442019677,0.788446602222943,True
2024,1764.0,25.1,85.70633133949075,83.88288625594232,87.47455748546656,0.9050053777015526,True
2024,1807.0,27.5,86.94390094293128,85.75753986901363,88.16763785558186,0.6202828356865611,True
2024,1816.0,28.7,85.55119180171378,83.94346719729329,87.12258889203203,0.8098664260152648,True
2024,1824.0,24.9,85.66422130722067,82.91067799029132,88.39042881279217,1.385797486936988,True
2024,1836.0,27.3,88.87753470060952,87.22089893987514,90.50158433830349,0.8346921527463902,True
2024,1838.0,23.6,89.17905920036549,85.74807115511197,92.73876171266518,1.775501178204985,True
2024,1839.0,36.9,88.71691428723516,87.4540387457935,89.99547996177346,0.6439920557991533,True
2024,1840.0,27.8,89.82580307441408,87.8267417261114,91.7934523572972,1.0233650368153178,True
2024,1841.0,33.9,89.58176104349062,88.35051606502931,90.75379130284264,0.6278699215574113,True
2024,1846.0,25.9,85.9874668919953,83.80019116577401,88.14355624381982,1.0965551456065898,True
2024,1847.0,34.5,86.97623464849022,85.67081769924616,88.29877523814524,0.6681637291017971,True
2024,1852.0,25.8,84.98261543052375,83.6851780700244,86.26275023227221,0.6596937938377772,True
2024,1858.0,28.1,85.74419722276703,84.32360385341529,87.1517950966927,0.7274567022013023,True
2024,1869.0,34.1,88.27289821532834,86.9046996051428,89.6151489217729,0.693703680942112,True
2024,1881.0,28.3,84.21288685003404,82.79479095483977,85.60379431450407,0.7051797536731569,True
2024,1898.0,25.5,87.58968361141066,85.86609578124187,89.3151402895363,0.879515190229466,True
2024,1900.0,34.0,87.60664759627745,86.06564046243427,89.09303292908184,0.7712699836404289,True
2024,1902.0,30.8,85.54612868688793,84.22286792266534,86.89850894697122,0.6829474898390993,True
2024,1905.0,34.5,83.71260716211751,82.4123328908564,85.01794077774792,0.6609174174652384,True
2024,1917.0,29.1,89.608150082952,88.39091879196114,90.82058865357556,0.6178047527901738,True
2024,1918.0,31.2,85.88577500256403,84.4292540040664,87.31517659952972,0.74291866683377,True
2024,1924.0,24.7,81.53255253101472,79.88938105376532,83.15684266196233,0.8334879246296987,True
2024,1935.0,33.4,85.04942593306109,83.2601953666206,86.84659013479738,0.9035381715450744,True
2024,1939.0,27.3,87.18701415072645,85.50023670034695,88.89560931568018,0.8593235718848965,True
2024,1945.0,27.5,88.02381769123453,86.6924558763772,89.37694244442696,0.6816560493370909,True
2024,1947.0,35.6,89.2269448899723,88.00240004005461,90.46516264937429,0.638008798597807,True
2024,1963.0,23.1,87.14939528004395,84.57594322646705,89.72909698993293,1.3402091172029988,True
2024,1965.0,25.1,85.25707291229327,83.26962626302299,87.19605130677397,1.0005660337804665,True
2024,1977.0,32.0,90.98322401713902,89.77866624124844,92.16030232540426,0.6086935665670626,True
2024,1998.0,28.2,89.18959175901313,87.85468856480945,90.5704517881812,0.6953904690289526,True
2024,1999.0,25.4,88.29644698050552,86.4344164326147,90.13275245566022,0.9522317210335447,True
2024,2005.0,30.0,89.85119179550183,88.56426159941005,91.12570300351238,0.6498911015002072,True
2024,2007.0,25.4,79.8376705050962,78.05310483375965,81.6335184708429,0.8945635988245815,True
2024,2008.0,29.1,84.56201133951822,83.13541626432163,86.01513094220604,0.7346771751381707,True
2024,2017.0,24.4,88.14392100282572,86.54228057352528,89.78537545351814,0.8315537730060768,True
2024,2037.0,22.9,86.34447180593278,83.99025079703178,88.7199402653909,1.192676860062514,True
2024,2042.0,29.7,86.10036462089646,84.88795906926417,87.25008683140115,0.6076797585204244,True
2024,2051.0,25.1,87.0915563850726,85.15559564642952,89.06617652789406,0.9961485084720849,True
2024,2062.0,35.4,85.18260162633095,83.9954184608615,86.35069898357516,0.5988123936035642,True
2024,2073.0,31.3,88.39273194563673,86.98892664227807,89.78406311624435,0.7148958141765683,True
2024,2074.0,21.4,89.62556575319769,87.28151215895865,91.95017751005715,1.1946044594752345,True
2024,2086.0,22.6,89.93089729837094,88.02576746358278,91.97526068219656,1.013041756690097,True
2024,2106.0,22.3,85.92178429547468,83.31920085800003,88.5892086697531,1.3495448201437352,True
2024,2108.0,26.5,87.43901110401079,85.29379244715487,89.60017062499129,1.0981506195637338,True
2024,2110.0,28.1,86.92402030053464,85.34140866844233,88.51767206322754,0.8051150553432014,True
2024,2119.0,25.3,87.24091805436618,85.655925451825,88.83798965385287,0.8205502246072666,True
2024,2120.0,28.8,88.30783456996444,87.09022561502142,89.52453415703523,0.6289091000219237,True
2024,2121.0,24.0,83.8817216975125,82.19507417234698,85.53096929891618,0.8578090080433038,True
2024,2122.0,22.9,88.94653925693974,86.41501958704298,91.52938324633551,1.3035913595689081,True
2024,2127.0,25.9,86.26296827072645,84.59556668977659,87.90494052146721,0.8386490095313673,True
2024,2139.0,23.4,87.63000813261954,85.44548400054855,89.85177101828761,1.1169684180834323,True
2024,2141.0,27.6,89.01682795513754,87.57022190169128,90.50039211676793,0.7519607463417858,True
2024,2153.0,24.8,88.62950573010184,87.08011817068918,90.19292945047196,0.7909769403438253,True
2024,2158.0,24.3,89.55925647997189,87.81295792002184,91.32259601198167,0.8888522736658824,True
2024,2175.0,34.4,86.58025675216561,85.01828539662893,88.12572143881219,0.7766765871786924,True
2024,2190.0,26.9,85.81615495858365,84.23262910374997,87.39144895312458,0.8075283985872201,True
2024,2211.0,22.4,84.50173103223736,82.22708433127991,86.74955954089303,1.1434418152347683,True
2024,2225.0,22.8,84.16669671912646,81.4285687767607,86.8421261875038,1.3896980677117252,True
2024,2234.0,26.4,86.91761867132355,85.04469953812836,88.81910149598714,0.9671438900337183,True
2024,2237.0,26.0,89.21823828031712,87.57430377633773,90.88472618947483,0.8528631342891397,True
2024,2243.0,24.1,86.10544191848099,84.12787165004809,88.09627934171108,1.0097166476619206,True
2024,2244.0,29.5,85.48170791254911,84.02730692068211,86.92548551637958,0.7486450637896604,True
2024,2259.0,28.9,88.78215245181718,87.47048916776579,90.07941324409727,0.6628126966125839,True
2024,2260.0,23.9,84.69123712385627,82.629222507962,86.72760402803884,1.0459985816150759,True
2024,2261.0,25.0,90.33911190724365,88.1314189313746,92.56856742371494,1.123227480582296,True
2024,2267.0,28.0,86.75166685972502,85.37914231148221,88.1375343620487,0.7034044109110197,True
2024,2269.0,26.9,88.91027232833052,87.62223467206086,90.22090936474535,0.6609674979873875,True
2024,2270.0,25.7,91.42696986627269,89.63367452624892,93.15919463493077,0.8997010479175684,True
2024,2274.0,32.8,90.22411451226712,88.74161695856597,91.67006208581759,0.7498397835452892,True
2024,2279.0,27.8,89.51732034681613,87.92262198563654,91.0641596129363,0.7913272098467856,True
2024,2290.0,25.8,87.1775977918634,85.85552175598174,88.47480573574862,0.6720243663076261,True
2024,2291.0,35.3,85.76610325248953,84.52526919270748,86.95999049229904,0.6207115227828328,True
2024,2299.0,30.5,87.07147278924532,85.70588194611832,88.47319822933423,0.7183964618737634,True
2024,2302.0,31.0,89.38244700716191,88.1864689006285,90.53481870270996,0.6022073473331734,True
2024,2328.0,28.0,89.50982159238474,88.19848935372312,90.80998224649615,0.6752940945046658,True
2024,2334.0,36.9,90.11289772222412,88.88494139633934,91.34175885614921,0.6324949246205458,True
2024,2339.0,32.6,91.45697807730586,90.22037555708236,92.66778161281916,0.6230007777196069,True
2024,2340.0,32.9,88.9798155983062,87.74631557061039,90.24183091257348,0.6398614227892235,True
2024,2341.0,32.4,83.88417157945298,82.56516559639958,85.20896548778923,0.6763774426105296,True
2024,2342.0,28.7,85.85128800952155,84.49626385035661,87.20585934074194,0.6880495914538198,True
2024,2344.0,28.0,87.98297108206405,86.3262742308968,89.63934732562758,0.8495645182960796,True
2024,2346.0,32.5,86.19261722585433,84.87201683965037,87.46803330761568,0.6712644043303209,True
2024,2365.0,23.9,88.22540380725148,86.35098937237234,90.12851571741875,0.9717749012931781,True
2024,2368.0,30.9,89.76215881446272,88.42647591925751,91.10427313787916,0.6701546867247477,True
2024,2381.0,31.9,90.64348132061427,89.45101959358571,91.85494055668391,0.6207281399919385,True
2024,2387.0,31.5,86.43978361449354,84.84488682829851,88.06619173036802,0.8233261131785986,True
2024,2400.0,32.0,89.01643639408603,87.70694041747808,90.34694701595402,0.6815100687679382,True
2024,2404.0,25.4,90.2697643573046,88.60269266511816,91.93924825156878,0.8545522012691404,True
2024,2416.0,28.7,88.83643602843712,86.96594233976408,90.7496965893768,0.9714063377307794,True
2024,2421.0,31.5,88.12791041796868,86.6947479866727,89.57660804658519,0.7397555120626257,True
2024,2422.0,25.3,84.18632649652466,82.34323848222584,85.99180292021603,0.9333303883369122,True
2024,2424.0,29.0,89.85687947013912,88.52265800119136,91.21675636920024,0.6918069806756175,True
2024,2426.0,24.4,88.03900253333418,86.27758276583579,89.80248119934869,0.9025458534514144,True
2024,2430.0,34.9,87.26683954923347,85.93584004430687,88.62943946751724,0.688550572316262,True
2024,2445.0,22.8,89.91234734182461,87.2892934618396,92.58737246051882,1.3578486190065766,True
2024,2449.0,28.3,84.90839406026576,83.18116336645883,86.67782962221825,0.8747402063219424,True
2024,2458.0,38.0,85.81525390829934,84.61219489370603,87.06033171569524,0.6255362569493369,True
2024,2462.0,28.3,86.26832382223812,84.80951319769174,87.65389399954319,0.725425061303819,True
2024,2463.0,25.7,87.21995353732798,85.97406214682559,88.50872360283671,0.6420005196711328,True
2024,2497.0,25.9,88.65651056294718,86.98812958639294,90.30939251505444,0.8474157753748542,True
2024,2499.0,22.3,86.55769252128859,84.44898976507622,88.6913774709389,1.1008940106762792,True
2024,2500.0,33.0,85.87124554362867,84.57551117759711,87.16465205009814,0.6703709349802743,True
2024,2505.0,38.6,86.7100321066823,85.26597000700404,88.16588682154871,0.7331705030378943,True
2024,2507.0,25.4,86.42714102641281,84.85967172307862,88.02800817475777,0.8091679526789187,True
2024,2513.0,29.0,85.9742693300708,84.60817990870792,87.3593499606372,0.7082899663007729,True
2024,2516.0,33.0,88.95736012695114,87.70376407141875,90.17108124970515,0.6367837291168591,True
2024,2521.0,26.4,88.91168251175088,87.5414208213571,90.35850138680507,0.7119027223787346,True
2024,2530.0,28.7,88.18107159817662,86.67852330933351,89.74079863856147,0.7777595160436561,True
2024,2541.0,29.7,89.10377277384492,87.79046794717613,90.40414582952071,0.6681788466049453,True
2024,2544.0,24.7,91.21299545920341,89.0472336226417,93.4081019015809,1.103934654734895,True
2024,2546.0,30.7,89.8420970885097,88.64451556527604,91.06678644896107,0.6172144889507619,True
2024,2559.0,25.1,88.81987204643863,86.9351244610734,90.65776016269214,0.9497026023389917,True
2024,2561.0,28.6,87.50248833058092,85.91805832666562,89.14763925949731,0.8303557669855056,True
2024,2562.0,30.6,89.74834674191762,88.55685442586835,90.93098734673296,0.611933120035615,True
2024,2566.0,26.8,82.20358295449721,76.14798435693564,88.24143274774465,3.0853874301691677,True
2024,2568.0,24.9,86.37625700407256,84.75562052578952,87.98502650264626,0.834040310631528,True
2024,2570.0,25.6,87.59396751067683,86.16866380316118,88.99797765201593,0.725780602282357,True
2024,2578.0,26.0,85.7922347486336,83.56196153631724,88.06442195426753,1.13792731626107,True
2024,2582.0,26.6,91.75741497818406,89.78168677015275,93.69298753252689,1.0090915962285711,True
2024,2585.0,26.6,87.02099714878074,85.35690672945317,88.7197804152331,0.8611474529031716,True
2024,2586.0,34.2,88.61892032329543,87.1396164917294,90.09895404290462,0.7488348214656405,True
2024,2588.0,24.6,86.19339479906942,84.70470426198241,87.69182950980901,0.7707280039556418,True
2024,2596.0,32.7,83.49441475873427,82.1813800434332,84.81471023231386,0.6731549223764182,True
2024,2599.0,32.8,90.05422318093744,88.23741648106429,91.86099526329689,0.9275199073884302,True
2024,2600.0,33.6,90.64800654179977,89.36625216144564,91.89882207538206,0.6390899106820654,True
2024,2611.0,26.2,88.75503765191198,87.02442308852011,90.52913371889058,0.9055159625818701,True
2024,2617.0,22.6,87.34962472039707,85.4336780637321,89.32840588715456,0.9875372040690253,True
2024,2618.0,26.2,90.62228722603034,89.12343888770202,92.15578925165421,0.7627526189250778,True
2024,2632.0,22.0,88.87002424835957,84.0310649620373,93.6372568083932,2.4814513222494723,True
2024,2633.0,37.0,86.92683552353243,85.63598863467833,88.1890613420525,0.6506256408963376,True
2024,2638.0,24.4,88.4103473028802,86.90034170814805,89.95224689702175,0.7865408984215546,True
2024,2645.0,28.0,86.84952348991807,85.26993720532177,88.45532292451826,0.8179997622129559,True
2024,2655.0,31.3,92.18541164756942,90.94021912881047,93.44448213848183,0.6407451060940715,True
2024,2664.0,23.3,89.82663512583257,87.96604873144192,91.71469573046154,0.9447400340738293,True
2024,2692.0,27.9,88.42771157944523,87.03970440657658,89.79266671799914,0.705539091288053,True
2024,2698.0,31.6,88.69429882116914,87.40380329505994,89.96000395039742,0.6472907027078784,True
2024,2700.0,29.1,86.68224960240683,85.19528375677496,88.18066897718545,0.7695698456365389,True
2024,2708.0,28.0,85.62976646603374,84.24679270433694,86.97124424866632,0.6954858724577914,True
2024,2709.0,30.0,87.44081185784833,86.21227916960716,88.71068051104884,0.6338444201357831,True
2024,2732.0,30.0,87.97265658314798,86.66780067597857,89.25826918346439,0.6530514396281316,True
2024,2735.0,34.9,83.99871607947587,82.48863840799167,85.51629119408898,0.7724546064288519,True
2024,2748.0,31.4,86.08265540360001,84.9037424846807,87.30531092519512,0.6146993169145873,True
2024,2754.0,26.3,88.14235136624546,86.27810146361722,90.01695819205811,0.9495217898075481,True
2024,2768.0,32.5,84.83336584529322,83.69136194521177,85.99208264396417,0.5867594889160156,True
2024,2771.0,28.1,86.79138852963061,85.37302646467009,88.18362332177713,0.7193550039730352,True
2024,2773.0,30.0,87.67290554858297,86.43682775591013,88.92901560170118,0.6482845952538557,True
2024,2782.0,28.5,83.75367565714488,82.01039374257422,85.48124203473388,0.8978669938413403,True
2024,2791.0,28.1,88.99534646033574,87.80956946554637,90.16587608928928,0.6013940359303721,True
2024,2795.0,29.3,86.04852020479181,84.8409540007162,87.21829019124603,0.6076028625091162,True
2024,2801.0,27.7,87.21944172030298,85.85605119605486,88.53289847571385,0.676878084155028,True
2024,2805.0,25.9,88.28453676027195,86.84972349411886,89.72361038897928,0.7275007082826596,True
2024,2811.0,24.0,86.26106145402379,84.63129188751063,87.87958362121887,0.8309650322969644,True
2024,2817.0,31.5,89.6005290550458,88.32638679135104,90.89085195377793,0.657001424536437,True
2024,2820.0,26.6,79.5647639421519,77.24621067162464,81.87693421373825,1.1912125627321766,True
2024,2823.0,29.3,83.76949222500274,82.12134928007926,85.38871908225016,0.8356914475211051,True
2024,2824.0,33.9,85.88381524980758,84.55640796299511,87.20689199233746,0.6807493363856735,True
2024,2825.0,30.6,87.95124250244885,86.41443367983695,89.46675627735316,0.7801216556427707,True
2024,2828.0,23.4,83.19063731509938,80.4165447687463,86.00555643644022,1.4483416988818785,True
2024,2839.0,23.7,88.2575961929734,85.25998746332864,91.28756374093638,1.5294858381060434,True
2024,2844.0,33.9,88.29107736029914,87.02040176088369,89.5744349092907,0.6514343841486231,True
2024,2845.0,25.8,87.56057749151877,84.59894260266789,90.49998518839777,1.5002108962063374,True
2024,2846.0,26.8,87.73063048467789,86.10844293881738,89.36732754993528,0.8331855702290952,True
2024,2849.0,27.1,88.28667514868353,86.72006135728654,89.8745699598824,0.8055376702962633,True
2024,2853.0,26.9,86.28922451119696,84.71877779600551,87.85202525508743,0.8016390127816917,True
2024,2865.0,25.3,86.0958287734492,83.7530444997561,88.36943347341607,1.1764021688976127,True
2024,2867.0,30.5,91.04317449863495,89.64253348299565,92.3897469867353,0.6976419799985479,True
2024,2868.0,27.5,87.30341042097311,85.6153920814694,88.9676151860676,0.8409063858642501,True
2024,2869.0,23.8,90.86064900531979,88.22532915520927,93.45172573590659,1.3566732265101116,True
2024,2871.0,25.5,86.19231244610991,84.74885960252546,87.61288676791803,0.7378580345355286,True
2024,2874.0,24.7,84.72838483247472,83.02046959951377,86.38363351749418,0.8584866841600323,True
2024,2886.0,26.6,87.88624233476529,86.20500835167836,89.58973369404367,0.8783152297047664,True
2024,2912.0,33.3,86.1112813610799,84.73797062837761,87.48923815241155,0.7103048093020785,True
2024,2916.0,28.0,85.24163724294631,83.81801045549057,86.64210190490927,0.7139098313305052,True
2024,2928.0,24.0,88.21728570859429,86.09695819505347,90.3652385861145,1.1044469755581807,True
2024,2940.0,28.1,84.72968311015171,83.36273479511648,86.06919546724663,0.6964824408470146,True
2024,2941.0,30.0,86.45711355701253,85.04625719490295,87.88489619631339,0.7262444655203205,True
2024,2948.0,26.8,88.9807189781241,87.51830765171191,90.44974077416764,0.7515602555660578,True
2024,2956.0,32.9,90.74349199426379,89.52150051766537,91.98145383751776,0.6274853461771929,True
2024,2957.0,29.6,84.86331679409606,83.51566915480629,86.16273864326419,0.6683377736482639,True
2024,2959.0,27.3,89.44391069941462,87.89167414376321,91.0172696299758,0.8010783651571466,True
2024,2960.0,32.2,89.08417697064458,87.558075180108,90.60761530298676,0.779033002985868,True
2024,2968.0,34.5,84.99391191270348,83.49899978773462,86.49581506899914,0.7686550016955175,True
2024,2984.0,40.1,87.82037199374973,86.62348962137726,89.00990956129137,0.6136844356081959,True
2024,2987.0,26.6,87.30812942023343,85.70159226838085,88.8803125832072,0.8029215729978912,True
2024,3002.0,23.5,91.52264225683312,89.8754582492253,93.16544765964458,0.8341733390395009,True
2024,3004.0,26.9,85.55268018315364,83.69710804827298,87.41497715486526,0.9483138870843608,True
2024,3005.0,30.6,90.44923939654821,88.8871341097878,91.97224418891263,0.7812098503188867,True
2024,3019.0,29.4,89.35789419945836,88.16061097296661,90.57499821161504,0.6165365748381499,True
2024,3020.0,28.3,88.23628221898832,86.52386059814047,89.99551996047734,0.8823434768403645,True
2024,3022.0,31.9,87.12690399215593,85.72155015653293,88.51955306639356,0.7120152979861031,True
2024,3025.0,23.9,84.86036049724119,82.64525602888807,87.05761846674885,1.1228745154172306,True
2024,3030.0,30.8,86.89268355064328,85.30492847338832,88.4263478604634,0.8029220265554255,True
2024,3033.0,23.9,86.63459766886004,84.01324827225493,89.22508361732304,1.332186787266204,True
2024,3043.0,24.7,88.9142545176467,87.01367494707459,90.87223982901456,0.9631931727208307,True
2024,3046.0,24.1,86.67517733523785,84.72108270021421,88.60845153446631,0.9880782180830027,True
2024,3053.0,25.4,89.2214237467827,87.36129284999903,91.13361131378707,0.9659045881951641,True
2024,3057.0,24.6,91.03305799393173,89.4845611529094,92.59457918983347,0.7913106417198157,True
2024,3072.0,32.9,88.20397223940627,87.0131790449511,89.39625613858178,0.6107910210356322,True
2024,3074.0,29.6,81.99367338095917,80.55832253073488,83.44827204411352,0.7473420296672003,True
2024,3102.0,29.9,90.01604915943827,88.23621500000492,91.88386628262366,0.9404533519998693,True
2024,3103.0,26.4,89.89243862308675,88.27506905827597,91.55257844499079,0.8365845242350713,True
2024,3109.0,30.0,85.73283566591113,84.20699341519276,87.28165812648439,0.785991757199419,True
2024,3110.0,22.4,84.5765496967055,81.66831177955943,87.46606679791928,1.4549627716125277,True
2024,3118.0,28.8,88.07104536293711,86.43284110822142,89.69734173692089,0.8220149766887263,True
2024,3121.0,36.5,87.82865926533697,86.59567401661462,89.10100299847568,0.6422828211099326,True
2024,3125.0,29.9,89.19327318696972,87.98980006500439,90.3913986231376,0.6132587262730913,True
2024,3129.0,31.0,87.82247167712279,86.59561805702155,89.01435126295188,0.6182296380574345,True
2024,3131.0,24.9,85.65090534461486,83.991410957261,87.30648948756155,0.8458475754541516,True
2024,3139.0,31.8,88.60903065970854,87.43629750750567,89.75747471578204,0.5949494554563292,True
2024,3143.0,33.9,86.79535418801842,85.46913724124443,88.17598840377595,0.6901196748144514,True
2024,3151.0,26.1,86.32930028284879,84.56109589138407,88.08494122773055,0.8959064734450722,True
2024,3163.0,27.2,91.27690262226173,90.06603497844644,92.4987159537444,0.632147091760682,True
2024,3170.0,30.4,89.78710541948331,88.33483087185046,91.2591221732385,0.7472412025279318,True
2024,3172.0,29.3,90.747270715232,89.46534520714323,92.08146973508292,0.6608101753438066,True
2024,3179.0,27.9,89.41768406965717,88.10137177899766,90.74100810800941,0.6744512108244253,True
2024,3180.0,25.7,90.24302609544114,88.78827802898063,91.70537897051074,0.7430097210207071,True
2024,3182.0,30.2,90.92670925041189,89.7122992887899,92.14923519226727,0.6135602817652488,True
2024,3190.0,27.9,89.06511469383705,87.6678100640817,90.46340345468617,0.7151120591427589,True
2024,3193.0,32.1,89.89299763712997,88.50991511426176,91.21165566436697,0.6861248825090697,True
2024,3198.0,26.8,83.62325264257707,81.8749357953804,85.3667258850882,0.9026122187249829,True
2024,3200.0,30.8,86.2300240495127,84.84884189361335,87.60992464489837,0.7097723175912299,True
2024,3202.0,24.7,86.96956481360411,85.12109974696922,88.77400950303166,0.9435764384775146,True
2024,3203.0,26.6,88.46151877885521,86.73705879703799,90.19735228931106,0.8903967838294331,True
2024,3211.0,31.7,91.43668771989644,90.20810723242997,92.65212964131601,0.6156560026492226,True
2024,3233.0,32.3,87.97239100777028,86.58973250955789,89.39781124230693,0.716973887739798,True
2024,3239.0,28.3,88.2308485208535,86.7638094540118,89.66226852432898,0.7377392351879206,True
2024,3243.0,34.4,85.7410010568655,84.3813308664322,87.08999609978403,0.6871094162114847,True
2024,3247.0,24.6,89.7643001348194,88.08739187640572,91.49642683645317,0.86724529701632,True
2024,3249.0,22.3,89.42995374007786,85.92235910519476,92.96547633205451,1.8441246686444324,True
2024,3252.0,25.8,86.1311634184705,84.24639177346911,88.01912793847492,0.953301873791825,True
2024,3260.0,27.9,88.72047205516502,87.32892314413677,90.13710906161116,0.7094506508740123,True
2024,3261.0,22.6,88.44668406251736,84.50842805403092,92.21839043854709,1.9501892048552738,True
2024,3262.0,26.2,89.69923956288494,88.20523214631075,91.25533962394357,0.7805698828554656,True
2024,3266.0,26.4,86.474220002913,84.85562106825529,88.05624442186162,0.8253971483785968,True
2024,3271.0,28.1,85.43815543217241,83.42846780845589,87.46204964324924,1.029429062009448,True
2024,3272.0,31.0,87.35084313250316,86.1094058427645,88.53850932229213,0.621293941197821,True
2024,3274.0,29.9,88.38103677815482,87.1570314673305,89.61359328563715,0.625148121737672,True
2024,3291.0,27.1,84.63901670141689,82.91034796542732,86.37233622526578,0.8886747815213123,True
2024,3294.0,34.7,87.10043194116017,85.7207205372132,88.46899566357027,0.7046700727424947,True
2024,3303.0,26.3,84.94368907220726,83.30598911478512,86.57372537930466,0.8367592930431051,True
2024,3316.0,29.8,89.67779976463582,88.05878054173982,91.30602243695098,0.8163560291433688,True
2024,3319.0,23.7,90.01181641071837,88.11914180615081,91.9257499267335,0.9542803900048141,True
2024,3320.0,31.5,87.81059194926378,86.30373710568283,89.30339279013596,0.7603797190896081,True
2024,3328.0,27.8,87.54355674961916,85.9856256631699,89.12020702566436,0.7947190963411523,True
2024,3329.0,32.2,94.80268629571346,93.51951993199833,96.0625340090469,0.6444621590391858,True
2024,3351.0,34.6,92.0285661302575,90.61294428310454,93.48116154979134,0.7284392558524596,True
2024,3355.0,26.0,87.51412753336675,85.73214259381706,89.28889440383347,0.9143148760507863,True
2024,3359.0,27.4,86.2376833142982,84.65352088956747,87.80272938375009,0.8036972770152114,True
2024,3360.0,29.2,88.56465925857486,86.66082668283124,90.39220988913561,0.9398126161162532,True
2024,3362.0,26.5,92.64298842378395,91.35864838393134,93.93048394765226,0.6540161661212247,True
2024,3366.0,28.2,87.86327854602753,86.49537700614513,89.23610281632237,0.7008104292784555,True
2024,3373.0,21.2,88.27235024131396,85.17862892172003,91.31416712061525,1.5475416055219897,True
2024,3375.0,30.9,86.93715303140459,85.67946260675417,88.20760753014132,0.6513160283835192,True
2024,3381.0,35.4,89.54015864958994,88.25070393430347,90.80308663731766,0.6522640368440537,True
2024,3385.0,30.4,83.65708818188773,82.06901581737615,85.21061759222276,0.8000234344113067,True
2024,3387.0,25.4,87.54937459226637,85.56662743195866,89.50337039217501,1.0161662259173738,True
2024,3391.0,25.4,82.51798593937957,80.42107038657313,84.69749690151058,1.0931611700192287,True
2024,3395.0,29.2,87.4543959151199,86.16132781211019,88.69738598678366,0.651789572892565,True
2024,3400.0,27.4,86.96537157212877,85.33344710332193,88.59420289129305,0.8232443073033602,True
2024,3401.0,30.1,88.79245329283457,87.50021045901235,90.14388131438739,0.6769386394211685,True
2024,3408.0,27.0,86.89107822368005,85.08928895980405,88.69431518166255,0.9241240474184452,True
2024,3423.0,29.0,88.39171113648138,87.12951179847599,89.64999413529,0.639544661237105,True
2024,3439.0,26.0,85.06336283599093,82.94205860335877,87.11079781131843,1.0669312362627623,True
2024,3443.0,27.1,88.9162528877628,87.59751196432393,90.25578436467836,0.6701558692761892,True
2024,3446.0,27.5,89.34396865957696,87.99861345406839,90.66445075085787,0.6872235836262872,True
2024,3447.0,30.1,85.80815719381425,84.29851354747247,87.35757377982895,0.7783321385516335,True
2024,3452.0,26.9,84.44853067979743,82.56862924735826,86.30160973559309,0.9571768285676371,True
2024,3479.0,26.7,84.298088992441,82.54698312634385,86.0393469934194,0.8887408629893789,True
2024,3486.0,24.4,87.18664697357245,85.22996499657758,89.13827652021939,0.995832410770479,True
2024,3489.0,25.7,85.86735231241668,84.26688030040003,87.44140262169907,0.80188039166056,True
2024,3493.0,27.8,83.59717196485276,81.81059001683734,85.39040399783829,0.8945075861670346,True
2024,3501.0,24.2,87.8866457020476,86.39127520391526,89.43133100564432,0.7673924659132981,True
2024,3503.0,34.2,86.7227968044297,85.515040004396,87.94953946323974,0.6190307633812735,True
2024,3505.0,26.4,85.239739643981,83.71132827160268,86.78159258854683,0.7896558642186227,True
2024,3515.0,33.1,85.60091983767128,84.19544906777685,86.98342608071687,0.7111758055500679,True
2024,3522.0,32.6,86.3446251671134,84.82141200038969,87.86869745646732,0.7827658660876178,True
2024,3527.0,35.7,86.04219136691755,84.75178816853197,87.33803314903278,0.6564618471004128,True
2024,3528.0,31.2,90.63493274821889,89.30973618753487,91.97334081931334,0.6824468823158286,True
2024,3533.0,32.8,87.56543923833839,86.37135245458802,88.7505318533311,0.6108254537581215,True
2024,3539.0,27.6,91.27833306406858,90.01371832800014,92.55041315701877,0.6539688947275961,True
2024,3543.0,20.6,89.4293689908579,86.8051993478652,92.0540974190765,1.3309878781170643,True
2024,3549.0,26.7,87.22691874489574,85.76104766276569,88.68550880086676,0.7547746625703419,True
2024,3550.0,25.4,87.11376688489537,85.87221111713515,88.38731162185415,0.6403797630384621,True
2024,3554.0,27.6,87.51334714353857,85.95140356972477,89.1034192519028,0.8029955227474391,True
2024,3558.0,24.9,82.42651114401899,80.78982923406716,84.07367126100957,0.8236384461440986,True
2024,3565.0,30.0,87.48071135138431,86.08125856885592,88.81991472046936,0.6961648720231414,True
2024,3568.0,27.1,88.49687256679736,86.7501100566092,90.19601594553903,0.8758599866881775,True
2024,3569.0,29.1,87.89523835256841,86.4299393781838,89.37723186959028,0.7411224430982148,True
2024,3570.0,27.2,85.23110776919343,83.91329064109149,86.56040184709312,0.6730505935365978,True
2024,3574.0,33.0,81.54015580316475,79.96512821086,83.11733612362328,0.8147626487683619,True
2024,3578.0,29.0,90.5932998259577,89.22129681295134,91.9214605705067,0.6927396598458173,True
2024,3590.0,26.1,82.70304543048229,80.94692118508866,84.43716195885926,0.9160600324245238,True
2024,3593.0,25.3,88.155667313871,86.10525016691318,90.15832067919986,1.0409657618979773,True
2024,3603.0,29.0,89.27518670129234,88.1159532746147,90.47411853226018,0.5966946808353378,True
2024,3606.0,32.1,86.70878375780258,85.38872086739634,88.0355072420085,0.6684885896594367,True
2024,3608.0,33.1,88.67922600533157,87.35047140190989,90.02893022308812,0.6884853981758231,True
2024,3618.0,31.1,93.55907154642658,91.896549497659,95.20370483820601,0.8440774789265811,True
2024,3625.0,30.0,87.54562759939174,86.23336953668971,88.9243727521199,0.6899686559836924,True
2024,3635.0,21.2,85.99711431696878,78.42899388687539,93.53554703127661,3.8300922375017468,False
2024,3640.0,26.5,91.23319934347442,89.649534465607,92.85968334660768,0.8254403231228644,True
2024,3660.0,26.9,85.79166102311285,83.7262488580375,87.84159378019572,1.047642834904942,True
2024,3664.0,34.8,86.8107104713128,85.57861738906098,88.01411206317427,0.6216425013780208,True
2024,3665.0,33.5,85.10287345710226,83.75987816944365,86.45860635134437,0.6870509253094185,True
2024,3689.0,25.7,92.17288561782485,90.9427971598768,93.43086958415321,0.6272634945227229,True
2024,3696.0,26.1,87.11918264617385,85.0415164738982,89.14551984265258,1.0580826317323708,True
2024,3699.0,25.8,89.2781644500758,87.29316810376554,91.23950260848889,1.0035713279933216,True
2024,3712.0,26.6,88.5171289947646,86.73462528204101,90.29191317477698,0.9006035353801595,True
2024,3720.0,26.9,87.57533330896483,86.09613517649575,89.02110545926261,0.7399868914105028,True
2024,3734.0,31.2,91.83085709222561,90.61620319620694,93.04875387439385,0.6243852631904089,True
2024,3736.0,26.5,85.17055468336127,83.11849842683628,87.1796223656426,1.0383765005856425,True
2024,3753.0,28.3,85.77175934593468,83.95395889524194,87.58080467792539,0.9288152163472453,True
2024,3759.0,26.7,86.05679201011728,84.72701665043438,87.39866658855885,0.6815007737017086,True
2024,3776.0,29.8,89.2180800000665,87.85714680542009,90.50904750727213,0.6881381930842685,True
2024,3781.0,25.9,86.57568101964593,84.92503524027758,88.2190213600964,0.8451763496641261,True
2024,3802.0,32.2,91.27424647403944,90.01963310905339,92.53099827529553,0.6461733621998265,True
2024,3803.0,28.3,87.61634080556338,85.95421675953118,89.26422859942265,0.8423971001381435,True
2024,3807.0,24.1,89.55962434371075,88.00589714142545,91.17676662315755,0.8011195295593705,True
2024,3810.0,25.1,87.1754182617914,84.63151619411414,89.7079369635652,1.3135084389353164,True
2024,3814.0,24.8,88.30833314094875,85.52848529547953,91.15789977620337,1.4195066265513487,True
2024,3824.0,28.7,84.40878540432553,82.88548092848748,85.93829362847057,0.7802651295735409,True
2024,3828.0,28.4,89.45442543294149,87.72965156852177,91.15319318474234,0.8774055852665119,True
2024,3833.0,24.6,85.00211621873855,83.18346936054519,86.83088051556,0.9270257558857711,True
2024,3839.0,30.5,89.55198399639637,88.25943293427248,90.82360029528243,0.6586326206276938,True
2024,3841.0,33.0,80.27960300667176,78.63028717706084,81.95246478533065,0.8528551294522609,True
2024,3846.0,26.6,88.13822140066287,86.54028936240891,89.70260117557395,0.8027343804742576,True
2024,3848.0,32.8,87.97821693205152,86.29780846125115,89.6360816464377,0.8564854111810808,True
2024,3854.0,27.2,87.8199567932028,86.664572362893,88.98062878530449,0.5861239838430463,True
2024,3856.0,30.7,89.79697995453591,88.52760222416622,91.05790846228196,0.6341147009099765,True
2024,3863.0,24.7,89.97676675828525,87.7163955389938,92.31915444057901,1.1618128072523701,True
2024,3865.0,26.5,88.00472195397836,86.07332543903628,89.89167634935599,0.9978466224123737,True
2024,3869.0,30.2,89.65830708177008,88.13429256943269,91.18803881961873,0.7795187508166699,True
2024,3871.0,33.2,89.19570891176976,87.49117335533336,90.9174210721049,0.8756889503414392,True
2024,3890.0,27.3,87.53701140002961,86.2855925394967,88.76489084253173,0.6346300751131173,True
2024,3898.0,33.5,89.26110811946374,87.82971626051456,90.67569151077359,0.7265674769881286,True
2024,3903.0,32.3,88.44167760802691,87.25503784544927,89.65509383899156,0.6142831899116349,True
2024,3906.0,24.6,86.5678662938359,84.09323055494744,89.06183721219868,1.2717826710309816,True
2024,3909.0,29.7,83.4916351109097,82.02431505501465,84.97086689406376,0.7442572026012224,True
2024,3912.0,33.3,89.36561568525096,88.13133475684945,90.63236838430058,0.629073765693395,True
2024,3921.0,34.2,86.79657522072554,85.45579967122308,88.14075633624275,0.6842736488504236,True
2024,3934.0,28.9,86.83061122553826,85.33895220646956,88.27992623580167,0.744480221154539,True
2024,3956.0,26.9,87.92342551263992,85.18197211256636,90.75654212329076,1.410120344037809,True
2024,3959.0,33.5,85.98995557190602,84.56394433235992,87.45177495143102,0.7281779049064514,True
2024,3963.0,24.0,89.54846693941563,88.07395728664915,91.0306493225336,0.759861485116272,True
2024,3965.0,25.3,83.54761231709742,81.96059733825577,85.15049736878488,0.8133799045680746,True
2024,3969.0,25.1,88.51035465204674,85.87421453816177,91.10829153443983,1.337734586053559,True
2024,3980.0,23.8,87.00504216354928,84.9795472857201,89.04768806388662,1.0326281595711093,True
2024,3982.0,21.0,91.29851978599696,88.51407429610745,94.05926195965696,1.3965189809529295,True
2024,3984.0,30.3,87.27728247658649,85.9902487587376,88.51052047135164,0.6413381481641257,True
2024,3985.0,23.0,92.17072137294035,90.41051394061232,93.92356007411637,0.8960632418332708,True
2024,3996.0,30.1,82.0806337186175,80.88802182917951,83.24207242393722,0.5999399002081868,True
2024,4000.0,24.2,86.96935564392189,84.59925167199863,89.3507480348221,1.2152532654625168,True
2024,4003.0,26.8,90.87024545941134,88.8410744787567,92.88396801329068,1.0319582311566735,True
2024,4010.0,22.1,90.85758250939924,89.00436998827114,92.75190047900125,0.9455755867883557,True
2024,4016.0,24.1,91.59560054079584,88.84884273896898,94.33779007445527,1.408088023793293,True
2024,4026.0,29.2,85.32227487860357,83.8391563518995,86.80924975572717,0.7514560963884598,True
2024,4030.0,23.4,86.11739822922166,84.28337613142763,88.02362018285369,0.959651757603885,True
2024,4034.0,31.6,89.32973293485337,87.98953259365126,90.6352050264417,0.6807445026574103,True
2024,4050.0,27.2,89.60866601451849,87.52327274326046,91.7428248750954,1.0721367437695906,True
2024,4055.0,30.1,84.50502738063433,83.10844798766043,85.92948711651174,0.7276461474311079,True
2024,4059.0,25.5,92.78547273684809,91.36548348343543,94.1868273675769,0.722052567347743,True
2024,4063.0,30.2,85.8118047220819,84.22834285024848,87.35855130238772,0.8076665506099712,True
2024,4067.0,23.5,87.77391715373498,85.86195224355819,89.67526468651654,0.9764348691946125,True
2024,4073.0,29.8,87.00356859242815,85.70231886704977,88.33124886830731,0.6633961579768561,True
2024,4080.0,23.6,86.16051345341165,78.63746771971462,93.59576556080222,3.852532104672293,False
2024,4083.0,26.8,84.97593299581457,83.5487699231043,86.44029985388822,0.7471677354027159,True
2024,4085.0,25.7,83.29690758480908,81.68951678519383,84.83802413308685,0.8002467903816654,True
2024,4086.0,28.5,84.68156496432408,83.15177734402333,86.21071964778324,0.7781201192897286,True
2024,4088.0,25.9,86.9208094342692,85.28258254073731,88.57327141873846,0.8380904573679828,True
2024,4097.0,26.6,90.20097212516653,88.80863813418206,91.59823864813941,0.6973374691074015,True
2024,4099.0,24.8,90.79573682550628,89.26963846850603,92.29132208404363,0.7770784512261629,True
2024,4109.0,25.2,88.77398358537307,87.3170457613118,90.16853663110332,0.7226318166375428,True
2024,4119.0,25.0,88.97414708710178,87.54852996416399,90.41329845213113,0.7299769089257924,True
